target_id	length	eff_length	est_counts	tpm
GCF_000006625.1_ASM662v1	751719	751451	0	0
GCF_000007585.1_ASM758v1	2343476	2.34321e+06	0.00978859	0.000758544
GCF_000009925.1_ASM992v1	5311000	5.31073e+06	170.082	5.81534
GCF_000010505.1_ASM1050v1	2354886	2.35462e+06	51.623	3.98102
GCF_000011045.1_ASM1104v1	3005051	3.00478e+06	5.2388	0.316585
GCF_000011065.1_ASM1106v1	6293409	6.29314e+06	165.115	4.7642
GCF_000012845.1_ASM1284v1	4811379	4.81111e+06	0	0
GCF_000015325.1_ASM1532v1	5352772	5.3525e+06	22277.2	755.746
GCF_000018685.1_ASM1868v1	4847594	4.84733e+06	0	0
GCF_000020225.1_ASM2022v1	2664102	2.66383e+06	8.70635	0.593472
GCF_000020605.1_ASM2060v1	3449685	3.44942e+06	0	0
GCF_000022065.1_ASM2206v1	4068724	4.06846e+06	127257	5679.68
GCF_000026525.1_ASM2652v1	3033116	3.03285e+06	18.0131	1.07847
GCF_000055945.1_ASM5594v1	1719044	1.71878e+06	14147.8	1494.66
GCF_000091345.1_ASM9134v1	1576758	1.57649e+06	0	0
GCF_000091405.1_ASM9140v1	1785136	1.78487e+06	12.7865	1.30082
GCF_000142965.1_ASM14296v1	3323183	3.32292e+06	10.5639	0.577267
GCF_000144405.1_ASM14440v1	3168292	3.16802e+06	0.493024	0.0282586
GCF_000144625.1_ASM14462v1	4662871	4.6626e+06	0	0
GCF_000145035.1_ASM14503v1	4404997	4.40473e+06	0	0
GCF_000153905.1_ASM15390v1	3625318	3.62505e+06	0	0
GCF_000153925.1_ASM15392v1	2740036	2.73977e+06	0	0
GCF_000154065.1_ASM15406v1	2914343	2.91408e+06	5.02615	0.313189
GCF_000154105.1_ASM15410v1	4433047	4.43278e+06	0	0
GCF_000154125.1_ASM15412v1	6463699	6.46343e+06	1005.63	28.2518
GCF_000154205.1_ASM15420v1	4717977	4.71771e+06	1.00823	0.0388059
GCF_000154305.1_ASM15430v1	3606016	3.60575e+06	307.711	15.496
GCF_000154345.1_ASM15434v1	3270319	3.27005e+06	0	0
GCF_000154365.1_ASM15436v1	6557758	6.55749e+06	8.5813e-07	2.37622e-08
GCF_000154385.1_ASM15438v1	3127263	3.127e+06	48910.8	2840.2
GCF_000154425.1_ASM15442v1	3102397	3.10213e+06	0	0
GCF_000154465.1_ASM15446v1	2550068	2.5498e+06	2.03836	0.145159
GCF_000154505.1_ASM15450v1	3620575	3.62031e+06	148217	7434
GCF_000154565.1_ASM15456v1	3719238	3.71897e+06	3.12004	0.152338
GCF_000154825.1_ASM15482v1	2284653	2.28439e+06	0	0
GCF_000155205.1_ASM15520v1	2730345	2.73008e+06	0	0
GCF_000155815.1_ASM15581v1	4158670	4.1584e+06	0	0
GCF_000155875.1_ASM15587v1	3239365	3.2391e+06	1.09656	0.0614721
GCF_000155915.2_Lacto_jensenii_1153_V2	1737966	1.7377e+06	0	0
GCF_000156015.1_ASM15601v1	2483291	2.48302e+06	0	0
GCF_000156035.2_ASM15603v2	3864166	3.8639e+06	8.81517	0.414263
GCF_000156075.1_ASM15607v1	5489043	5.48878e+06	0	0
GCF_000156175.1_ASM15617v1	1804837	1.80457e+06	0	0
GCF_000156495.1_ASM15649v1	4617498	4.61723e+06	2.02136	0.079494
GCF_000156515.1_ASM15651v1	3887119	3.88685e+06	0	0
GCF_000156535.1_ASM15653v1	4384755	4.38449e+06	2.00994	0.0832408
GCF_000156655.1_ASM15665v1	2417520	2.41725e+06	0	0
GCF_000156675.1_ASM15667v1	3053841	3.05357e+06	15.1088	0.898447
GCF_000157015.1_ASM15701v1	5487279	5.48701e+06	4.87556	0.161347
GCF_000157035.2_Bacteroides_sp_2_1_7_V2	5163602	5.16333e+06	0	0
GCF_000157075.2_Bact_sp_9_1_42FAA_V2	5614858	5.61459e+06	7.57432	0.244961
GCF_000157095.2_Bacteroides_sp_D1_V2	5965949	5.96568e+06	13.7619	0.418879
GCF_000157915.1_ASM15791v1	3858283	3.85802e+06	1.00776	0.0474314
GCF_000157935.1_ASM15793v1	3508593	3.50833e+06	0	0
GCF_000157955.1_ASM15795v1	3238371	3.2381e+06	5.02982	0.282055
GCF_000157975.1_ASM15797v1	3567748	3.56748e+06	0	0
GCF_000157995.1_ASM15799v1	3806625	3.80636e+06	1.00844	0.0481073
GCF_000158075.1_ASM15807v1	6230781	6.23051e+06	0	0
GCF_000158335.2_Bact_dorei_5_1_36_D4_V2	5535188	5.53492e+06	1.02351	0.0335779
GCF_000158515.2_Bacteroides_sp_4_3_47FAA_V2	5431515	5.43125e+06	0	0
GCF_000158555.2_Erys_bact_D7_V2	3516300	3.51603e+06	0	0
GCF_000158655.1_ASM15865v1	3407776	3.40751e+06	0	0
GCF_000159215.1_ASM15921v1	1798398	1.79813e+06	3.01301	0.304264
GCF_000159615.1_ASM15961v1	2035025	2.03476e+06	2.30279	0.205501
GCF_000159875.2_Bact_sp_1_1_6_V2	6753495	6.75323e+06	169.979	4.57042
GCF_000159995.1_ASM15999v1	2583249	2.58298e+06	4.82536	0.339219
GCF_000160035.2_ASM16003v2	3477654	3.47739e+06	14628.7	763.877
GCF_000160075.2_ASM16007v2	2042029	2.04176e+06	0	0
GCF_000160095.1_ASM16009v1	6639163	6.6389e+06	25919.7	708.932
GCF_000160115.1_ASM16011v1	2169067	2.1688e+06	0	0
GCF_000160135.1_ASM16013v1	2673424	2.67316e+06	0	0
GCF_000160635.1_ASM16063v1	2631262	2.63099e+06	0	0
GCF_000160675.1_ASM16067v1	1923388	1.92312e+06	0	0
GCF_000162015.1_ASM16201v1	3081989	3.08172e+06	5.45645	0.321506
GCF_000162135.1_ASM16213v1	5210327	5.21006e+06	159.7	5.56588
GCF_000162175.1_ASM16217v1	4892396	4.89213e+06	0	0
GCF_000162215.1_ASM16221v1	4453133	4.45287e+06	0	0
GCF_000162275.1_ASM16227v1	5327964	5.3277e+06	0	0
GCF_000162415.1_ASM16241v1	3996612	3.99634e+06	2.00057	0.0908997
GCF_000162455.1_ASM16245v1	3300637	3.30037e+06	176.981	9.73723
GCF_000162535.1_ASM16253v1	5723459	5.72319e+06	13.8062	0.438032
GCF_000163055.2_ASM16305v2	2480279	2.48001e+06	1.02693	0.0751896
GCF_000163655.1_ASM16365v1	5228876	5.22861e+06	0	0
GCF_000165775.1_ASM16577v3	2129233	2.12897e+06	2447.44	208.744
GCF_000166035.1_ASM16603v1	2929041	2.92877e+06	3.3539	0.207939
GCF_000174895.1_ASM17489v1	4575190	4.57492e+06	1.00054	0.039712
GCF_000177015.3_Rumi_bact_D16_V2	3197225	3.19696e+06	2.02713	0.115137
GCF_000178115.2_ASM17811v2	3008576	3.00831e+06	0	0
GCF_000178835.2_ASM17883v2	4714237	4.71397e+06	0	0
GCF_000179595.2_ASM17959v2	6147681	6.14741e+06	0	0
GCF_000184945.1_ASM18494v1	3223504	3.22324e+06	80393.6	4528.98
GCF_000185385.1_ASM18538v1	2971978	2.97171e+06	12170.4	743.649
GCF_000185525.1_ASM18552v1	3030505	3.03024e+06	3.17321	0.190149
GCF_000185545.1_ASM18554v1	2910328	2.91006e+06	0	0
GCF_000185585.1_ASM18558v1	4587715	4.58745e+06	0	0
GCF_000185605.1_ASM18560v1	4572247	4.57198e+06	0	0
GCF_000185705.2_Bilo_wads_3_1_6_V2	4391134	4.39087e+06	0	0
GCF_000185825.1_ASM18582v1	3255952	3.25568e+06	133720	7458.04
GCF_000186105.1_Bacteroides_sp_3_1_40A_V1	5441639	5.44137e+06	7.0473	0.235172
GCF_000187895.1_ASM18789v1	4421564	4.4213e+06	0	0
GCF_000189595.1_Clos_symb_WAL_14163_V1	5313546	5.31328e+06	0	0
GCF_000189615.1_Clos_symb_WAL_14673_V2	4859813	4.85955e+06	4.07049	0.152097
GCF_000190535.1_ASM19053v1	4392288	4.39202e+06	0	0
GCF_000191545.1_ASM19154v1	2097786	2.09752e+06	8620.05	746.235
GCF_000191805.1_Lach_bact_4_1_37FAA_V1	3058144	3.05788e+06	1.00616	0.0597476
GCF_000193395.1_ASM19339v1	2937589	2.93732e+06	3.01476	0.186369
GCF_000195315.1_ASM19531v1	2115681	2.11541e+06	0.999506	0.0857949
GCF_000195635.1_ASM19563v1	4331243	4.33098e+06	1.00949	0.0423239
GCF_000196175.1_ASM19617v1	3782950	3.78268e+06	0	0
GCF_000205025.1_ASM20502v1	2832560	2.83229e+06	0	0
GCF_000205165.1_ASM20516v1	3790411	3.79014e+06	1.01038	0.048406
GCF_000209385.2_Lach_bact_2_1_46_FAA_V2	2218309	2.21804e+06	0	0
GCF_000209405.1_Lach_bact_3_1_46FAA_V1	3093203	3.09294e+06	3.02975	0.177872
GCF_000209425.1_Lach_bact_6_1_63FAA_V1	2723696	2.72343e+06	11111	740.812
GCF_000209445.1_Lach_bact_9_1_43BFAA_V1	2841111	2.84084e+06	0	0
GCF_000209465.1_Lach_bact_F0167_V1	3280894	3.28063e+06	0	0
GCF_000210575.1_ASM21057v1	3651632	3.65136e+06	14.2152	0.706916
GCF_000210615.1_ASM21061v1	1664821	1.66455e+06	0	0
GCF_000212375.1_ASM21237v1	2186370	2.1861e+06	6.44874	0.535643
GCF_000214785.1_ASM21478v1	2354108	2.35384e+06	240958	18588.1
GCF_000218365.1_Bacteroides_sp_1_1_30_V1	6443478	6.44321e+06	22.6532	0.638409
GCF_000218385.1_Lach_bact_1_4_56FAA_V1	3228062	3.22779e+06	1.00652	0.0566223
GCF_000218405.2_Lach_bact_3-1-57FAA_CT1_V1	7698274	7.69801e+06	56.9716	1.34385
GCF_000218425.1_Lach_bact_5_1_57FAA	3337630	3.33736e+06	567.937	30.9007
GCF_000218445.1_Lach_bact_1_1_57FAA_V1	2911398	2.91113e+06	3.00809	0.18763
GCF_000218465.1_Lach_bact_2_1_58FAA_V1	3438856	3.43859e+06	1.00998	0.0533342
GCF_000220255.1_ASM22025v1	3049096	3.04883e+06	7.99654	0.476256
GCF_000224595.1_Prevotella_sp_C561_V1	3999168	3.9989e+06	2.28096	0.103573
GCF_000224615.1_Prev_oulo_F0390_V1	2789273	2.78901e+06	0	0
GCF_000224655.1_Bilophila_sp_4_1_30_V1	4474403	4.47414e+06	0	0
GCF_000225345.1_ASM22534v1	3592125	3.59186e+06	3.02693	0.153022
GCF_000225685.1_Erys_bact_2_2_44A_V1	4967302	4.96703e+06	3.01385	0.110178
GCF_000225705.1_Coll_tana_YIT_12063_V1	2482646	2.48238e+06	0	0
GCF_000225745.1_Dorea_form_4_6_53AFAA_V1	3827192	3.82692e+06	4.31994	0.204974
GCF_000231275.1_Alis_indi_YIT_V1	2851148	2.85088e+06	0	0
GCF_000233455.1_Clos_citr_WAL_17108_V1	6625683	6.62542e+06	0	0
GCF_000233955.1_ASM23395v1	4233635	4.23337e+06	1.00343	0.0430398
GCF_000234055.1_Prev_hist_F0411_V1	2987821	2.98755e+06	1.20033	0.0729553
GCF_000234115.1_Prevotella_sp_F0323_V1	2589139	2.58887e+06	2.03139	0.14248
GCF_000234155.1_Clos_clos_2_1_49FAA_V1	5457458	5.45719e+06	577.001	19.199
GCF_000235445.1_John_igna_ATCC_51276_V1	2673212	2.67294e+06	0	0
GCF_000235505.1_Clos_hath_WAL_18680_V1	5655590	5.65532e+06	0	0
GCF_000236865.1_ASM23686v1	2355268	2.355e+06	0	0
GCF_000237085.1_ASM23708v1	4897678	4.89741e+06	30501.6	1130.91
GCF_000238055.2_Oribacterium_sp_ACB1_V2	2470620	2.47035e+06	0	0
GCF_000238075.1_Oribacterium_sp_ACB7_V1	2515400	2.51513e+06	0	0
GCF_000238215.1_ASM23821v1	3405521	3.40525e+06	368.119	19.6296
GCF_000238635.1_Subdol_sp_4_3_54A2FAA_V1	4206257	4.20599e+06	0	0
GCF_000238695.1_Tannerella_sp_6_1_58FAA_CT1_V1	3844340	3.84407e+06	1.00154	0.0473095
GCF_000238835.1_ASM23883v1	2854247	2.85398e+06	17.31	1.10133
GCF_000239295.1_ASM23929v1	3817029	3.81676e+06	0	0
GCF_000242155.1_Lach_bact_7_1_58FAA_V1	5624605	5.62434e+06	4.01164	0.129516
GCF_000242195.1_Erys_bact_21_3_V1	4404127	4.40386e+06	0	0
GCF_000242235.1_Lach_bact_ACC2_V1	2308731	2.30846e+06	1.00572	0.0791093
GCF_000242315.1_ASM24231v1	2940335	2.94007e+06	1.00545	0.0620973
GCF_000243015.1_Prev_macu_OT_289_V1	3134677	3.13441e+06	239508	13875.1
GCF_000243215.1_Odor_lane_YIT_12061_V1	3753871	3.7536e+06	1.00621	0.0486757
GCF_000245055.1_ASM24505v1	4587685	4.58742e+06	2.77025e+06	109654
GCF_000255615.2_ASM25561v3	3554854	3.55459e+06	0	0
GCF_000259235.1_ASM25923v1	1607594	1.60733e+06	0	0
GCF_000261025.1_ASM26102v1	2699447	2.69918e+06	1.03684	0.0697515
GCF_000262545.1_ASM26254v1	2520268	2.52e+06	0	0
GCF_000265365.1_ASM26536v1	3734239	3.73397e+06	76407.4	3715.66
GCF_000270085.1_ASM27008v1	1787941	1.78767e+06	0	0
GCF_000270225.1_ASM27022v1	2339907	2.33964e+06	163.364	12.6788
GCF_000273035.1_Bact_dore_CL02T00C15_V1	6011678	6.01141e+06	0	0
GCF_000273055.1_Bact_dore_CL02T12C06_V1	5998401	5.99813e+06	0	0
GCF_000273135.1_Bact_frag_CL05T12C13_V1	5273038	5.27277e+06	56.8556	1.95797
GCF_000273155.1_Bact_frag_CL07T12C05_V1	5430567	5.4303e+06	223.949	7.48852
GCF_000273175.1_Bact_nord_CL02T12C05_V1	5707938	5.70767e+06	0	0
GCF_000273195.1_Bact_ovat_CL02T12C04_V1	7881220	7.88095e+06	25.7692	0.593735
GCF_000273235.1_Bact_saly_CL02T12C01_V1	5782390	5.78212e+06	0	0
GCF_000273295.1_Bact_vulg_CL09T03C04_V1	4900819	4.90055e+06	0	0
GCF_000273315.1_Bact_xyla_CL03T12C04_V1	6056503	6.05624e+06	9.90536	0.296988
GCF_000273725.1_Bact_cacc_CL03T12C61_V1	5479379	5.47911e+06	0	0
GCF_000273765.1_Bact_frag_CL05T00C42_V1	5279656	5.27939e+06	153.505	5.2797
GCF_000273785.1_Bact_unif_CL03T00C23_V1	4915533	4.91527e+06	0	0
GCF_000283575.1_ASM28357v1	4470632	4.47036e+06	0	0
GCF_000285855.1_ASM28585v2	4174293	4.17403e+06	0	0
GCF_000296385.1_Clos_bact_OBRC5-5_V1	2897917	2.89765e+06	0	0
GCF_000296465.1_Barn_inte_YIT_11860_V1	3433886	3.43362e+06	0	0
GCF_000297695.1_Bact_frag_HMW_610_V1	5523440	5.52317e+06	0	0
GCF_000297735.1_Bact_frag_HMW_615_V1	5358663	5.3584e+06	212.492	7.20077
GCF_000297755.1_Bact_frag_HMW_616_V1	5416824	5.41656e+06	19.6379	0.65833
GCF_000304195.1_Bact_thet_CL09T03C10_V1	5097828	5.09756e+06	1.50108	0.0534704
GCF_000307265.1_ASM30726v1	3079134	3.07887e+06	0	0
GCF_000307345.1_Para_merd_CL03T12C32_V1	4918405	4.91814e+06	2.92214	0.107888
GCF_000307375.1_Para_john_CL02T12C29_V1	4613871	4.6136e+06	0	0
GCF_000307395.1_Para_gold_CL02T12C30_V1	6690850	6.69058e+06	4.22511	0.114669
GCF_000307435.1_Para_dist_CL09T03C24_V1	5323526	5.32326e+06	1.0026	0.0341997
GCF_000307455.1_Para_dist_CL03T12C09_V1	5056092	5.05582e+06	0	0
GCF_000307475.1_Paraba_sp_D25_V1	5157457	5.15719e+06	0	0
GCF_000307495.1_Para_merd_CL09T00C40_V1	4448933	4.44867e+06	0	0
GCF_000311925.1_ASM31192v1	3135278	3.13501e+06	0	0
GCF_000312145.1_ASM31214v1	3985509	3.98524e+06	7.80114	0.355447
GCF_000312305.1_ASM31230v1	3935669	3.9354e+06	3.9318	0.181415
GCF_000312405.1_ASM31240v1	1980034	1.97977e+06	0	0
GCF_000312445.1_ASM31244v1	2530960	2.53069e+06	3.01145	0.216077
GCF_000318095.2_ASM31809v2	2552597	2.55233e+06	0	0
GCF_000318195.2_ASM31819v2	2853240	2.85297e+06	5415.58	344.682
GCF_000318215.2_ASM31821v2	2101405	2.10114e+06	0	0
GCF_000327285.1_ASM32728v1	3757966	3.7577e+06	5.01752	0.242459
GCF_000331715.1_ASM33171v1	1719222	1.71895e+06	178.197	18.8239
GCF_000331995.1_ASM33199v1	2974400	2.97413e+06	3281	200.317
GCF_000332875.2_ASM33287v2	2772521	2.77225e+06	9.48117	0.621013
GCF_000333275.1_ASM33327v1	7354396	7.35413e+06	0	0
GCF_000333595.1_ASM33359v1	7250797	7.25053e+06	0	0
GCF_000345685.2_ASM34568v2	1657051	1.65678e+06	0	0
GCF_000349885.2_ASM34988v2	2970010	2.96974e+06	2643.82	161.653
GCF_000364265.1_Para_sp_ASF519_V1	6862554	6.86229e+06	2.01373	0.0532849
GCF_000365025.1_ASM36502v1	2768871	2.7686e+06	0	0
GCF_000371405.1_Clos_clos_CM201_V1	5586639	5.58637e+06	127.305	4.13796
GCF_000371445.1_Clos_hath_12489931_V1	6849058	6.84879e+06	1018.48	27.0028
GCF_000371485.1_Clos_clos_90B1_V1	5533323	5.53306e+06	1187.97	38.9861
GCF_000371505.1_Clos_clos_90A8_V1	5927768	5.9275e+06	29371.3	899.751
GCF_000371525.1_Clos_clos_90A7_V1	6158990	6.15872e+06	5.30865	0.156518
GCF_000371545.1_Clos_clos_90A6_V1	5970714	5.97045e+06	328.978	10.0053
GCF_000371565.1_Clos_clos_90A4_V1	5821070	5.8208e+06	43961	1371.37
GCF_000371585.1_Clos_clos_90A3_V1	5467540	5.46727e+06	63366.6	2104.56
GCF_000371605.1_Clos_clos_90A1_V1	5769412	5.76914e+06	21.492	0.676451
GCF_000371645.1_Clos_bolt_90B8_V1	6449631	6.44936e+06	0	0
GCF_000371665.1_Clos_bolt_90B7_V1	6398393	6.39813e+06	0	0
GCF_000371685.1_Clos_bolt_90B3_V1	6479900	6.47963e+06	18.3774	0.514997
GCF_000371705.1_Clos_bolt_90A9_V1	6367638	6.36737e+06	6.22285	0.17746
GCF_000371725.1_Clos_bolt_90A5_V1	6394149	6.39388e+06	0.403483	0.0114586
GCF_000373705.1_ASM37370v1	2435798	2.43553e+06	0	0
GCF_000373885.1_ASM37388v1	6088819	6.08855e+06	0	0
GCF_000374365.1_ASM37436v1	4917961	4.91769e+06	1.0109	0.0373264
GCF_000374505.1_ASM37450v1	3864953	3.86469e+06	31530.2	1481.44
GCF_000374585.1_ASM37458v1	3618276	3.61801e+06	0	0
GCF_000378065.1_ASM37806v1	2311948	2.31168e+06	256.309	20.1329
GCF_000379925.1_ASM37992v1	2516243	2.51598e+06	11.0028	0.79409
GCF_000379945.1_ASM37994v1	2214169	2.2139e+06	0	0
GCF_000379965.1_ASM37996v1	2648729	2.64846e+06	0	0
GCF_000381365.1_Bact_saly_DSM_18765_V1	5310180	5.30991e+06	0	0
GCF_000382385.1_ASM38238v1	3312720	3.31245e+06	202.592	11.1057
GCF_000382445.1_Bact_mass_DSM_17679_V1	4565124	4.56486e+06	1.55901	0.0620146
GCF_000382465.1_Bact_sp_HPS0048_V1	5967118	5.96685e+06	4.2083	0.128066
GCF_000383295.1_ASM38329v1	3173747	3.17348e+06	13211.2	755.922
GCF_000384195.1_ASM38419v1	2052769	2.0525e+06	0	0
GCF_000391985.1_Ente_faec_9731349-1_V1	2609713	2.60945e+06	2.01692	0.14035
GCF_000396085.1_Ente_faec_B1933_V1	3244496	3.24423e+06	323.297	18.0951
GCF_000396285.1_Ente_faec_B2867_V1	3275785	3.27552e+06	13262.5	735.218
GCF_000398925.1_Buty_pull_1_20_V1	3299677	3.29941e+06	0	0
GCF_000403155.2_Bact_thet_dnLKV9_V1	6217541	6.21727e+06	149885	4377.55
GCF_000403175.1_Bact_unif_dnLKV2_V1	4820642	4.82037e+06	0	0
GCF_000403195.1_Bact_mass_dnLKV3_V1	5448827	5.44856e+06	2.01441	0.0671331
GCF_000403215.1_Lach_bact_A4_V1	6789392	6.78912e+06	1.00087	0.0267693
GCF_000403235.1_Bact_vulg_dnLKV7_V1	5112044	5.11178e+06	5.0693	0.180073
GCF_000403255.1_Lach_bact_3-1_V1	5051779	5.05151e+06	4.00474	0.143954
GCF_000403275.1_Lach_bact_28-4_V1	4223464	4.2232e+06	5.00554	0.215219
GCF_000403295.1_Lach_bact_M18-1_V1	5780472	5.7802e+06	4.52231	0.142066
GCF_000403315.2_Lach_bact_A2_V1	5200731	5.20046e+06	0	0
GCF_000403335.2_Lach_bact_COE1_V1	4846787	4.84652e+06	0	0
GCF_000403355.2_Ente_caec_B7_V1	2943456	2.94319e+06	349.188	21.5433
GCF_000403395.2_Anae_bact_G3_V1	3515307	3.51504e+06	0	0
GCF_000403435.2_Osci_bact_1-3_V1	4430625	4.43036e+06	1.00117	0.0410336
GCF_000403455.2_Dore_bact_5-2_V1	5890170	5.8899e+06	5.01874	0.154724
GCF_000403475.2_Lach_bact_3-2_V1	4376253	4.37599e+06	0	0
GCF_000403495.2_Lach_bact_10-1_V1	4509229	4.50896e+06	2.00217	0.0806298
GCF_000403825.2_Para_gold_dnLKV18_V1	7066526	7.06626e+06	1.51471e-06	3.89235e-08
GCF_000404205.1_ASM40420v1	1752910	1.75264e+06	0	0
GCF_000410615.1_ASM41061v1	4872600	4.87233e+06	19993	745.097
GCF_000410995.1_ASM41099v1	2093335	2.09307e+06	7.16064	0.621212
GCF_000411335.1_Copr_sp_HPP0074_V1	2968416	2.96815e+06	1.01207	0.0619148
GCF_000411355.1_Copr_sp_HPP0048_V1	2782572	2.7823e+06	0	0
GCF_000413355.1_Prev_oral_HGA0225_V1	2849342	2.84907e+06	1.00014	0.0637423
GCF_000422625.1_ASM42262v1	3010092	3.00982e+06	86799.8	5236.6
GCF_000423925.1_ASM42392v1	4699949	4.69968e+06	19264.3	744.314
GCF_000423945.1_ASM42394v1	4438653	4.43839e+06	0	0
GCF_000423965.1_ASM42396v1	4016587	4.01632e+06	0	0
GCF_000423985.1_ASM42398v1	4652154	4.65189e+06	0	0
GCF_000424005.1_ASM42400v1	3270730	3.27046e+06	0	0
GCF_000424085.1_ASM42408v1	3583067	3.5828e+06	11.1716	0.566194
GCF_000424105.1_ASM42410v1	2870195	2.86993e+06	0	0
GCF_000424125.1_ASM42412v1	4574212	4.57394e+06	1.34486	0.0533896
GCF_000424145.1_ASM42414v1	5124193	5.12393e+06	1.44611	0.0512473
GCF_000424165.1_ASM42416v1	4146136	4.14587e+06	2.42398	0.106166
GCF_000424265.1_ASM42426v1	4251263	4.251e+06	0	0
GCF_000424285.1_ASM42428v1	4177469	4.1772e+06	0	0
GCF_000424305.1_ASM42430v1	2911997	2.91173e+06	0	0
GCF_000424325.1_ASM42432v1	4940638	4.94037e+06	23.9884	0.881684
GCF_000424345.1_ASM42434v1	3593198	3.59293e+06	13.2192	0.668078
GCF_000424365.1_ASM42436v1	4090603	4.09034e+06	0	0
GCF_000424385.1_ASM42438v1	4588108	4.58784e+06	1.54728	0.0612394
GCF_000424405.1_ASM42440v1	4662821	4.66255e+06	0	0
GCF_000424425.1_ASM42442v1	4315820	4.31555e+06	0	0
GCF_000424445.1_ASM42444v1	3783693	3.78343e+06	13.3877	0.64253
GCF_000424465.1_ASM42446v1	3366557	3.36629e+06	0	0
GCF_000424485.1_ASM42448v1	4276262	4.27599e+06	27.5528	1.17004
GCF_000424505.1_ASM42450v1	3909739	3.90947e+06	1.00109	0.0464973
GCF_000424525.1_ASM42452v1	3794955	3.79469e+06	1.00074	0.0478871
GCF_000424545.1_ASM42454v1	3871498	3.87123e+06	0	0
GCF_000424565.1_ASM42456v1	4739360	4.73909e+06	0	0
GCF_000424585.1_ASM42458v1	3813103	3.81284e+06	0	0
GCF_000424605.1_ASM42460v1	3245329	3.24506e+06	0	0
GCF_000425525.1_ASM42552v1	4094978	4.09471e+06	0	0
GCF_000426305.1_ASM42630v1	3262818	3.26255e+06	0	0
GCF_000426505.1_ASM42650v1	4624209	4.62394e+06	19263	756.455
GCF_000427365.1_ASM42736v1	2879996	2.87973e+06	0	0
GCF_000428565.1_ASM42856v1	6674374	6.67411e+06	11.0647	0.301036
GCF_000429145.1_ASM42914v1	3782895	3.78263e+06	0	0
GCF_000429285.1_ASM42928v1	3785558	3.78529e+06	0	0
GCF_000430565.1_ASM43056v1	3156646	3.15638e+06	4.01262	0.23084
GCF_000439065.1_ASM43906v1	2563092	2.56282e+06	2.08883	0.147998
GCF_000439125.1_ASM43912v1	6081676	6.08141e+06	0	0
GCF_000455285.1_Sm_AP9	3434690	3.43442e+06	0	0
GCF_000466485.1_ASM46648v1	4814665	4.8144e+06	0	0
GCF_000466505.1_ASM46650v1	3563424	3.56316e+06	4.02693	0.205215
GCF_000466565.1_ASM46656v1	3570664	3.5704e+06	5.69924	0.289849
GCF_000467795.1_ASM46779v1	2330424	2.33016e+06	26364.5	2054.5
GCF_000467815.1_ASM46781v1	2243847	2.24358e+06	57.1617	4.62632
GCF_000467835.1_ASM46783v1	2279991	2.27972e+06	74.1606	5.90694
GCF_000467855.2_ASM46785v2	2151206	2.15094e+06	26619.2	2247.18
GCF_000467875.1_ASM46787v1	2688897	2.68863e+06	2.01388	0.136011
GCF_000467955.1_ASM46795v1	2241998	2.24173e+06	77.1903	6.25246
GCF_000467975.1_ASM46797v1	2303412	2.30314e+06	80.3536	6.33513
GCF_000467995.1_ASM46799v1	2214127	2.21386e+06	57.778	4.73897
GCF_000468015.1_ASM46801v1	3075517	3.07525e+06	0	0
GCF_000469425.1_ASM46942v1	3579134	3.57887e+06	0.643242	0.0326363
GCF_000469445.2_ASM46944v2	3582875	3.58261e+06	0.361321	0.0183133
GCF_000469565.1_ASM46956v1	2691388	2.69112e+06	0	0
GCF_000473955.1__oprFasNSB1	3413347	3.41308e+06	0	0
GCF_000482365.1_ASM48236v1	2240039	2.23977e+06	19.6952	1.59672
GCF_000484655.1_ASM48465v1	4510558	4.51029e+06	4.29113	0.172758
GCF_000487995.1_Muci_scha_ASF457_V1	2319560	2.31929e+06	0	0
GCF_000493455.1_LhCIRMBIA951V1	1900902	1.90063e+06	3028.71	289.355
GCF_000493555.1_LhCIRMBIA101V1	2061722	2.06145e+06	892960	78655.6
GCF_000498675.1_ASM49867v1	1887251	1.88698e+06	1.06035	0.102036
GCF_000503975.1_SJD2	2330240	2.32997e+06	141.726	11.0451
GCF_000507785.1_Rumi_lact_CC59_002D_V1	3051982	3.05171e+06	3.03004	0.180292
GCF_000507805.1_Rumi_gnav_CC55_001C_V1	3177336	3.17707e+06	1.01081	0.0577717
GCF_000512915.1_ASM51291v1	3076856	3.07659e+06	0	0
GCF_000515315.1_ASM51531v1	3715751	3.71548e+06	371857	18173.2
GCF_000518765.1_ASM51876v1	3581768	3.5815e+06	0	0
GCF_000519985.1_ASM51998v1	4872910	4.87264e+06	504.263	18.7916
GCF_000525675.1_ASM52567v1	3006992	3.00672e+06	0	0
GCF_000531655.1_E7	4214386	4.21412e+06	2.01149	0.0866728
GCF_000539515.1_Stap_aure_LAMC0001_V1	2892179	2.89191e+06	1.00133	0.0628728
GCF_000585355.1_ASM58535v1	3287901	3.28763e+06	0	0
GCF_000586615.1_RaSY3	4216205	4.21594e+06	0	0
GCF_000620125.1_ASM62012v1	3242019	3.24175e+06	0	0
GCF_000620945.1_ASM62094v1	2414538	2.41427e+06	0	0
GCF_000621285.1_ASM62128v1	4327770	4.3275e+06	1.00103	0.042003
GCF_000621405.1_ASM62140v1	2942925	2.94266e+06	0	0
GCF_000621425.1_ASM62142v1	3476168	3.4759e+06	0	0
GCF_000621465.1_ASM62146v1	3880073	3.87981e+06	0	0
GCF_000621505.1_ASM62150v1	6124489	6.12422e+06	0	0
GCF_000621565.1_ASM62156v1	3715509	3.71524e+06	30139.8	1473.08
GCF_000621605.1_ASM62160v1	4362154	4.36189e+06	1.00291	0.04175
GCF_000621765.1_ASM62176v1	3248042	3.24777e+06	0	0
GCF_000621785.1_ASM62178v1	3632494	3.63223e+06	15018.8	750.816
GCF_000621805.1_ASM62180v1	2403158	2.40289e+06	0	0
GCF_000621825.1_ASM62182v1	3215068	3.2148e+06	0	0
GCF_000621845.1_ASM62184v1	3393840	3.39357e+06	0	0
GCF_000621865.1_ASM62186v1	3080580	3.08031e+06	0	0
GCF_000621905.1_ASM62190v1	3373449	3.37318e+06	11081.1	596.507
GCF_000621925.1_ASM62192v1	2034500	2.03423e+06	0	0
GCF_000621945.1_ASM62194v1	2602583	2.60232e+06	0	0
GCF_000621985.1_ASM62198v1	3418240	3.41797e+06	0	0
GCF_000622005.1_ASM62200v1	2775993	2.77573e+06	0	0
GCF_000622025.1_ASM62202v1	3551769	3.5515e+06	1.00069	0.0511632
GCF_000622065.1_ASM62206v1	2607702	2.60743e+06	0	0
GCF_000622085.1_ASM62208v1	3926036	3.92577e+06	0	0
GCF_000622105.1_ASM62210v1	2531131	2.53086e+06	0	0
GCF_000622125.1_ASM62212v1	2040960	2.04069e+06	0	0
GCF_000626635.1_ASM62663v1	5132075	5.13181e+06	0	0
GCF_000686665.1_ASM68666v1	3142863	3.1426e+06	0	0
GCF_000686965.1_ASM68696v1	3707862	3.70759e+06	5.05302	0.247474
GCF_000698925.1_ASM69892v1	3467032	3.46676e+06	1.00192	0.0524786
GCF_000700805.1_ASM70080v1	2203482	2.20321e+06	20.4112	1.68222
GCF_000701545.1_ASM70154v1	2758309	2.75804e+06	57075	3757.65
GCF_000701625.1_ASM70162v1	4253758	4.25349e+06	0	0
GCF_000701645.1_ASM70164v1	4166919	4.16665e+06	97689.4	4257.28
GCF_000701665.1_ASM70166v1	2644755	2.64449e+06	0	0
GCF_000701705.1_ASM70170v1	4630366	4.6301e+06	0	0
GCF_000701765.1_ASM70176v1	2807296	2.80703e+06	8.61546	0.557318
GCF_000701985.1_ASM70198v1	4527435	4.52717e+06	1.55964	0.0625559
GCF_000702025.1_ASM70202v1	6678351	6.67808e+06	1.00374	0.0272925
GCF_000702065.1_ASM70206v1	2122838	2.12257e+06	0	0
GCF_000702085.1_ASM70208v1	2978302	2.97803e+06	0	0
GCF_000702125.1_ASM70212v1	3945782	3.94551e+06	0	0
GCF_000702145.1_ASM70214v1	2439320	2.43905e+06	0	0
GCF_000702205.1_ASM70220v1	2579680	2.57941e+06	0	0
GCF_000702245.1_ASM70224v1	2895093	2.89483e+06	0	0
GCF_000702265.1_ASM70226v1	3406434	3.40617e+06	0	0
GCF_000702685.1_ASM70268v1	2772494	2.77223e+06	0	0
GCF_000702825.1_ASM70282v1	3613843	3.61358e+06	2.00173	0.100586
GCF_000711825.1_ASM71182v1	3114441	3.11417e+06	0	0
GCF_000723745.2_PRJEB6027_Urmite	2558190	2.55792e+06	10.9176	0.775015
GCF_000739415.1_ASM73941v1	2441780	2.44151e+06	35.5879	2.64676
GCF_000745455.1_ASM74545v1	2171367	2.1711e+06	0	0
GCF_000745845.1_ASM74584v1	6629726	6.62946e+06	0	0
GCF_000746015.1_ASM74601v1	3725071	3.7248e+06	0	0
GCF_000746155.1_ASM74615v1	2955231	2.95496e+06	0	0
GCF_000760655.1_Clos_orbi_1_3_50AFAA_V1	4325109	4.32484e+06	0	0
GCF_000765135.1_ASM76513v1	3569717	3.56945e+06	0	0
GCF_000765245.1_ASM76524v1	6048561	6.04829e+06	1.00325	0.0301194
GCF_000766005.1_ASM76600v1	2365170	2.3649e+06	126051	9678.39
GCF_000769385.1_ASM76938v1	2341470	2.3412e+06	119207	9245.61
GCF_000769475.1_ASM76947v1	2253732	2.25346e+06	247.194	19.9186
GCF_000789395.1_ASM78939v1	3338640	3.33837e+06	0	0
GCF_000798815.1_ZOR0009.1	4446733	4.44647e+06	0	0
GCF_000798825.1_ZWU0011.1	2236457	2.23619e+06	0	0
GCF_000821285.2_Alistipes_jeddahmassiliense_str._AL-1	3611459	3.61119e+06	66.7094	3.35435
GCF_000875945.1_TWA4_1	2960380	2.96011e+06	0	0
GCF_000934625.1_ASM93462v1	1991969	1.9917e+06	3.00512	0.273974
GCF_000953535.1_E5B	2808926	2.80866e+06	0	0
GCF_000967245.1_ASM96724v1	1790198	1.78993e+06	1.00003	0.101449
GCF_000969825.1_Para_gord_MS-1_V1	6756151	6.75588e+06	78.119	2.09965
GCF_000969835.1_Para_gold_DSM_19448_V1	6453442	6.45317e+06	0	0
GCF_000969845.1_Para_sp_HGS0025_V1	6741507	6.74124e+06	55014.7	1481.87
GCF_000970735.1_ASM97073v1	1680152	1.67988e+06	1.00001	0.108093
GCF_000971515.1_ASM97151v1	2375482	2.37521e+06	2880.88	220.239
GCF_001011095.1_ASM101109v1	1978384	1.97812e+06	0	0
GCF_001012685.1_IM18-3v1	1688910	1.68864e+06	0	0
GCF_001012735.1_IM1v1	1542753	1.54249e+06	0	0
GCF_001034445.1_Citr_freu_complex_MGH99_V1	5172137	5.17187e+06	0	0
GCF_001050435.1_ASM105043v1	3006812	3.00654e+06	1.00003	0.0603972
GCF_001056335.1_ASM105633v1	5492820	5.49255e+06	157.208	5.19722
GCF_001062165.1_ASM106216v1	4910816	4.91055e+06	0	0
GCF_001066565.1_ASM106656v1	2791021	2.79075e+06	770209	50113.9
GCF_001073445.1_ASM107344v1	2031940	2.03167e+06	0	0
GCF_001078315.1_ASM107831v1	2496602	2.49633e+06	0	0
GCF_001078425.1_Clos_bolt_WAL_14578_V1	6584582	6.58431e+06	2.02974	0.055976
GCF_001078435.1_Clos_citr_WAL_19142_V1	6228770	6.2285e+06	2.01923	0.0588673
GCF_001078445.1_Clos_clos_WAL_7855_v11	5428385	5.42812e+06	1791.47	59.9283
GCF_001078555.1_Parabacteroides_sp_D26_V1	5118004	5.11774e+06	2.00523	0.0711473
GCF_001115565.1_6259_7_5	1989703	1.98944e+06	40913.1	3734.26
GCF_001185345.1_ASM118534v2	3890985	3.89072e+06	1.0646	0.0496855
GCF_001188985.1_ASM118898v1	3716770	3.7165e+06	4.01027	0.195934
GCF_001244405.1_Eubacterium_massiliense	5155850	5.15558e+06	0	0
GCF_001244995.1_Intestinimonas_massiliensis	3103129	3.10286e+06	0	0
GCF_001261775.1_Anaeromassilibacillus_senegalense	3510397	3.51013e+06	0	0
GCF_001263815.1_ASM126381v1	2367029	2.36676e+06	119.799	9.19117
GCF_001274615.1_ASM127461v1	2372492	2.37222e+06	8648.4	661.99
GCF_001282685.1_Niameyia_massiliensis	4578934	4.57867e+06	0	0
GCF_001282705.1_Dorea_massiliensis	3533338	3.53307e+06	0	0
GCF_001286525.1_BFBE1.1	5188967	5.1887e+06	204.864	7.16932
GCF_001297745.1_ASM129774v1	2229692	2.22942e+06	148.901	12.1276
GCF_001305595.1_ASM130559v1	7609528	7.60926e+06	0	0
GCF_001314265.1_ASM131426v1	2378872	2.3786e+06	44.7511	3.41628
GCF_001318345.1_ASM131834v1	7084828	7.08456e+06	0	0
GCF_001343055.1_6736_6_14	2034998	2.03473e+06	3953.84	352.845
GCF_001403575.1_Ihuella_massiliensis	4254506	4.25424e+06	0	0
GCF_001403595.1_Gabonia_massiliensis	4254484	4.25422e+06	0	0
GCF_001412315.1_ASM141231v1	5164991	5.16472e+06	0	0
GCF_001414325.1_ASM141432v1	3603317	3.60305e+06	0	0
GCF_001429415.1_Root670	5365674	5.36541e+06	44674	1511.9
GCF_001434845.1_ASM143484v1	2298725	2.29846e+06	9.02196	0.712748
GCF_001435065.1_ASM143506v1	2122756	2.12249e+06	2.15474	0.18434
GCF_001435345.1_ASM143534v1	1666004	1.66574e+06	3.00153	0.327196
GCF_001435835.1_ASM143583v1	1898083	1.89782e+06	12.1466	1.16218
GCF_001436015.1_ASM143601v1	2184023	2.18376e+06	3.00054	0.249498
GCF_001436185.1_ASM143618v1	1557232	1.55696e+06	4.0452	0.471772
GCF_001436275.1_ASM143627v1	2117948	2.11768e+06	6.06295	0.51987
GCF_001436945.1_ASM143694v1	2305135	2.30487e+06	179801	14165
GCF_001436965.1_ASM143696v1	2130075	2.12981e+06	0	0
GCF_001437085.1_ASM143708v1	2590554	2.59029e+06	0	0
GCF_001454945.1_ASM145494v1	3376481	3.37621e+06	0	0
GCF_001461035.1_ASM146103v1	3662450	3.66218e+06	0	0
GCF_001466305.1_ASM146630v1	2537016	2.53675e+06	1.00006	0.071585
GCF_001481725.1_ASM148172v1	4150332	4.15006e+06	0	0
GCF_001486665.1_Fournierella_massiliensis	3828591	3.82832e+06	1.35122	0.0640899
GCF_001487105.1_Ruminococcus_phoceensis	3068391	3.06812e+06	0	0
GCF_001487125.1_Sanguibacteroides_massiliensis	3396648	3.39638e+06	0	0
GCF_001487165.1_Blautia_massiliensis1	3715126	3.71486e+06	0	0
GCF_001535595.1_ASM153559v1	6975543	6.97528e+06	1.00633	0.0261969
GCF_001535605.1_ASM153560v1	3859084	3.85882e+06	0	0
GCF_001543345.1_ASM154334v1	2622031	2.62176e+06	3.0142	0.208761
GCF_001546565.2_ASM154656v2	2458215	2.45795e+06	5.37184	0.396846
GCF_001546595.1_ASM154659v1	2851279	2.85101e+06	2.01626	0.128416
GCF_001547855.1_ASM154785v1	3393002	3.39273e+06	351.705	18.8235
GCF_001547875.1_ASM154787v1	3350948	3.35068e+06	316.68	17.1616
GCF_001548195.1_ASM154819v1	2737283	2.73702e+06	0.000426814	2.83161e-05
GCF_001552975.1_ASM155297v1	2913824	2.91356e+06	1.00408	0.0625772
GCF_001553145.1_ASM155314v1	2001932	2.00166e+06	3.04218	0.275972
GCF_001553165.1_ASM155316v1	2347443	2.34718e+06	36203.1	2800.73
GCF_001553215.1_ASM155321v1	2347443	2.34718e+06	44248.3	3423.12
GCF_001553405.1_ASM155340v1	1565445	1.56518e+06	0	0
GCF_001561955.1_ASM156195v1	3120417	3.12015e+06	0	0
GCF_001563585.1_ASM156358v1	2208076	2.20781e+06	14114	1160.81
GCF_001564455.1_ASM156445v1	2542486	2.54222e+06	0	0
GCF_001571425.1_ASM157142v1	2905786	2.90552e+06	0	0
GCF_001578555.1_ASM157855v1	4653758	4.65349e+06	2.02024	0.0788309
GCF_001578575.1_ASM157857v1	6291339	6.29107e+06	37.9109	1.09424
GCF_001578635.1_ASM157863v1	6822247	6.82198e+06	1.04714	0.0278719
GCF_001580105.1_ASM158010v1	5198596	5.19833e+06	163.456	5.70964
GCF_001580115.1_ASM158011v1	3145526	3.14526e+06	0	0
GCF_001580195.1_ASM158019v1	3110336	3.11007e+06	0.369137	0.0215521
GCF_001580455.1_ASM158045v1	4916630	4.91636e+06	61393.8	2267.52
GCF_001592745.1_ASM159274v1	3754696	3.75443e+06	15633	756.084
GCF_001594285.1_ASM159428v1	2672976	2.67271e+06	5536.83	376.167
GCF_001611075.1_ASM161107v1	2404761	2.40449e+06	52.7812	3.98591
GCF_001636135.1_ASM163613v1	1889800	1.88953e+06	3.09247	0.297182
GCF_001647615.1_ASM164761v1	3107361	3.10709e+06	0.630873	0.0368688
GCF_001652145.1_ASM165214v1	1629113	1.62885e+06	1.03707	0.115611
GCF_001659745.1_ASM165974v1	3263745	3.26348e+06	460.74	25.6358
GCF_001678845.1_ASM167884v1	3026935	3.02667e+06	0	0
GCF_001678855.1_ASM167885v1	2940551	2.94028e+06	0	0
GCF_001682215.1_ASM168221v1	4902224	4.90196e+06	117461	4351.07
GCF_001688625.2_ASM168862v2	3818478	3.81821e+06	0	0
GCF_001688665.2_ASM168866v2	7225339	7.22507e+06	183.934	4.62265
GCF_001688705.2_ASM168870v2	3802844	3.80258e+06	6903.86	329.674
GCF_001688845.2_ASM168884v2	3306457	3.30619e+06	0	0
GCF_001689125.2_ASM168912v2	5128746	5.12848e+06	19741.8	698.988
GCF_001692755.1_ASM169275v1	3577579	3.57731e+06	0	0
GCF_001697245.1_ASM169724v1	3035622	3.03535e+06	56.7857	3.39704
GCF_001697285.1_ASM169728v1	3148357	3.14809e+06	6169.9	355.879
GCF_001702095.1_ASM170209v1	2058319	2.05805e+06	216702	19119.6
GCF_001704315.1_ASM170431v1	3692772	3.6925e+06	228.377	11.2306
GCF_001704645.1_ASM170464v1	3218258	3.21799e+06	223.88	12.6329
GCF_001715615.1_ASM171561v1	3128793	3.12853e+06	328.849	19.0866
GCF_001717125.1_ASM171712v1	7478572	7.4783e+06	27.8443	0.676089
GCF_001717135.1_ASM171713v1	7070288	7.07002e+06	57.7784	1.48394
GCF_001717525.1_ASM171752v1	2973531	2.97326e+06	0	0
GCF_001721925.1_ASM172192v1	2934954	2.93469e+06	5.42084	0.33541
GCF_001746265.1_ASM174626v2	2053066	2.0528e+06	23402.3	2070.06
GCF_001750685.1_ASM175068v1	5817231	5.81696e+06	3.00016	0.0936525
GCF_001808555.1_ASM180855v1	2114464	2.1142e+06	1.24296e+06	106754
GCF_001811315.1_ASM181131v1	6510253	6.50999e+06	7.89858	0.220313
GCF_001811695.1_ASM181169v1	6031638	6.03137e+06	7.51715	0.226313
GCF_001814145.1_ASM181414v1	3884301	3.88403e+06	1.245	0.0582046
GCF_001814855.1_ASM181485v1	3271852	3.27158e+06	4.68428	0.25999
GCF_001815255.1_ASM181525v1	6616159	6.61589e+06	52.4087	1.43842
GCF_001815315.1_ASM181531v1	3094679	3.09441e+06	6.08552	0.357101
GCF_001815465.1_ASM181546v1	2258368	2.2581e+06	7.50612	0.603592
GCF_001815865.1_ASM181586v1	2019714	2.01945e+06	0	0
GCF_001831275.1_ASM183127v1	2884472	2.8842e+06	1.13377	0.0713792
GCF_001858005.1_ASM185800v1	3386371	3.3861e+06	0	0
GCF_001881565.1_ASM188156v1	7553009	7.55274e+06	58.0613	1.3959
GCF_001922325.1_ASM192232v1	2170643	2.17038e+06	17.4074	1.45636
GCF_001938785.1_ASM193878v1	3201856	3.20159e+06	404.813	22.9594
GCF_001951175.1_ASM195117v1	2316499	2.31623e+06	14670.5	1150.1
GCF_001953935.1_ASM195393v1	2736325	2.73606e+06	0.000519254	3.44608e-05
GCF_001981565.1_ASM198156v1	3162301	3.16203e+06	360.816	20.72
GCF_001981595.1_ASM198159v1	3219440	3.21917e+06	195288	11015.4
GCF_001997325.1_ASM199732v1	5211472	5.2112e+06	28.3549	0.988011
GCF_001998765.1_ASM199876v1	3172613	3.17235e+06	2685.39	153.709
GCF_002000665.1_ASM200066v1	2950040	2.94977e+06	1.52266e-05	9.37315e-07
GCF_002003555.1_ASM200355v1	1980152	1.97988e+06	3.17699	0.291372
GCF_002078855.1_ASM207885v1	2459247	2.45898e+06	3.00219	0.221694
GCF_002079325.1_ASM207932v1	1919993	1.91973e+06	12.527	1.1849
GCF_002079435.1_ASM207943v1	1955079	1.95481e+06	6.07569	0.564367
GCF_002079585.1_ASM207958v1	1972132	1.97186e+06	17.1531	1.57956
GCF_002079925.1_ASM207992v1	1829213	1.82895e+06	7369.43	731.652
GCF_002091975.1_ASM209197v1	3160277	3.16001e+06	1545.29	88.7957
GCF_002095655.1_ASM209565v1	2763437	2.76317e+06	50.865	3.34259
GCF_002117305.1_ASM211730v1	3332922	3.33265e+06	332.287	18.1048
GCF_002119605.1_ASM211960v1	2069994	2.06973e+06	1.00019	0.0877488
GCF_002179515.1_ASM217951v1	2459606	2.45934e+06	17.8607	1.31872
GCF_002180435.1_14207_7_48	7920969	7.9207e+06	69.4919	1.5931
GCF_002201475.1_ASM220147v1	3802913	3.80265e+06	8846.78	422.446
GCF_002201495.1_ASM220149v1	2737167	2.7369e+06	32.8611	2.18019
GCF_002201795.1_ASM220179v1	4775573	4.77531e+06	0	0
GCF_002204455.1_ASM220445v1	2378336	2.37807e+06	112.386	8.58144
GCF_002206085.1_SJD4	2251166	2.2509e+06	97.8389	7.89272
GCF_002206105.1_SJD11	2299411	2.29914e+06	52.0724	4.11256
GCF_002208045.1_SJD12	2266152	2.26588e+06	136.473	10.9366
GCF_002208725.1_ASM220872v1	3168120	3.16785e+06	0.508245	0.0291326
GCF_002217985.1_ASM221798v1	2725055	2.72479e+06	3.69647e+06	246335
GCF_002218605.1_ASM221860v1	2189185	2.18892e+06	11432.2	948.353
GCF_002218725.1_ASM221872v1	2189990	2.18972e+06	812441	67371.2
GCF_002218965.1_ASM221896v1	2053565	2.0533e+06	9.11369	0.805961
GCF_002221555.2_ASM222155v2	5128582	5.12831e+06	1365.7	48.3562
GCF_002222595.2_ASM222259v2	3065949	3.06568e+06	0	0
GCF_002232035.1_ASM223203v1	2260946	2.26068e+06	0	0
GCF_002234575.2_ASM223457v2	6614046	6.61378e+06	0.167478	0.00459811
GCF_002253685.1_ASM225368v1	2143970	2.1437e+06	8638.68	731.736
GCF_002254255.1_ASM225425v1	2217388	2.21712e+06	4.94744	0.405194
GCF_002257605.1_ASM225760v1	5372666	5.3724e+06	0	0
GCF_002278095.1_ASM227809v1	2165984	2.16572e+06	44.1373	3.70063
GCF_002442835.1_ASM244283v1	2969757	2.96949e+06	13399.7	819.38
GCF_002549775.1_ASM254977v1	2823229	2.82296e+06	5.15273	0.331439
GCF_002549905.1_ASM254990v1	2803368	2.8031e+06	2.10714	0.136498
GCF_002549935.1_ASM254993v1	3424494	3.42423e+06	65.3775	3.46687
GCF_002549945.1_ASM254994v1	3274839	3.27457e+06	44.525	2.469
GCF_002549975.1_ASM254997v1	3006622	3.00635e+06	5.97495	0.360882
GCF_002550015.1_ASM255001v1	2915042	2.91477e+06	17.5791	1.09512
GCF_002586945.1_ASM258694v1	2868932	2.86866e+06	5.28845	0.33475
GCF_002706705.1_ASM270670v1	3138714	3.13845e+06	142479	8243.43
GCF_002751085.1_ASM275108v1	1953462	1.95319e+06	8238.49	765.903
GCF_002753935.1_ASM275393v1	2359159	2.35889e+06	100.312	7.72174
GCF_002753955.1_ASM275395v1	2469365	2.4691e+06	123.348	9.07119
GCF_002753975.1_ASM275397v1	2478317	2.47805e+06	78.6098	5.76021
GCF_002754015.1_ASM275401v1	2374087	2.37382e+06	138.983	10.6313
GCF_002754035.1_ASM275403v1	2353912	2.35364e+06	95.6794	7.38157
GCF_002754055.1_ASM275405v1	2463791	2.46352e+06	69.0856	5.09216
GCF_002754075.1_ASM275407v1	2482917	2.48265e+06	75.5285	5.52417
GCF_002754095.1_ASM275409v1	2353520	2.35325e+06	52759.7	4071.04
GCF_002754115.1_ASM275411v1	2476166	2.4759e+06	23466.6	1721.03
GCF_002754135.1_ASM275413v1	2410673	2.41041e+06	97.7353	7.36263
GCF_002754155.1_ASM275415v1	2254720	2.25445e+06	133.789	10.7758
GCF_002763575.1_ASM276357v1	2760702	2.76043e+06	5.23475	0.344342
GCF_002763745.1_ASM276374v1	2890060	2.88979e+06	3.08998	0.19416
GCF_002763845.1_ASM276384v1	2737122	2.73685e+06	1.24307	0.082474
GCF_900018625.1_13566_1_59	4947117	4.94685e+06	0	0
GCF_900021155.1_CHCKI003	2870912	2.87064e+06	23601.8	1492.92
GCF_900049235.1_C.symbiosum_MappedAssembly	5359776	5.35951e+06	1.00386	0.0340111
GCF_900067125.1_ASM90006712v1	2952497	2.95223e+06	0	0
GCF_900070325.1_SD1D	2609352	2.60908e+06	1.01176	0.0704143
GCF_900078295.2_PRJEB13136	3590652	3.59038e+06	3.04224	0.153859
GCF_900081375.1_12641_2_43	2863876	2.86361e+06	0	0
GCF_900083545.1_PRJEB13794	3805189	3.80492e+06	0	0
GCF_900086725.1_PRJEB13908	4217417	4.21715e+06	2.01535	0.0867768
GCF_900095495.1_B_ovatus_V975	6475296	6.47503e+06	50656.8	1420.59
GCF_900095795.1_E5A	3717632	3.71736e+06	0	0
GCF_900096715.1_TFUB22	3273068	3.2728e+06	431.708	23.952
GCF_900096725.1_TFUB4	3232837	3.23257e+06	235068	13204.4
GCF_900096735.1_TFUB20	3253747	3.25348e+06	394.255	22.004
GCF_900096945.1_IMG-taxon_2675903067_annotated_assembly	4609578	4.60931e+06	1.00258	0.0394963
GCF_900097105.1_WK001	3074078	3.07381e+06	0	0
GCF_900099715.1_IMG-taxon_2593339241_annotated_assembly	3007659	3.00739e+06	0	0
GCF_900100095.1_IMG-taxon_2593339216_annotated_assembly	2944512	2.94424e+06	1.00095	0.0617319
GCF_900100105.1_IMG-taxon_2593339210_annotated_assembly	2878862	2.87859e+06	0	0
GCF_900100245.1_IMG-taxon_2606217752_annotated_assembly	2591586	2.59132e+06	0	0
GCF_900100465.1_IMG-taxon_2654588146_annotated_assembly	6007331	6.00706e+06	33.5372	1.01376
GCF_900100545.1_IMG-taxon_2651870321_annotated_assembly	3398070	3.3978e+06	0	0
GCF_900100595.1_IMG-taxon_2593339217_annotated_assembly	3051603	3.05134e+06	0	0
GCF_900100685.1_IMG-taxon_2654588145_annotated_assembly	5225375	5.22511e+06	138.636	4.81785
GCF_900101165.1_IMG-taxon_2619619006_annotated_assembly	2360989	2.36072e+06	0	0
GCF_900101295.1_IMG-taxon_2606217764_annotated_assembly	3196378	3.19611e+06	0	0
GCF_900101315.1_IMG-taxon_2593339257_annotated_assembly	3698861	3.69859e+06	1.01168	0.049668
GCF_900101325.1_IMG-taxon_2596583543_annotated_assembly	3052500	3.05223e+06	0	0
GCF_900101605.1_IMG-taxon_2595698227_annotated_assembly	3400484	3.40022e+06	1.01276	0.0540845
GCF_900101835.1_IMG-taxon_2634166305_annotated_assembly	1966002	1.96573e+06	0	0
GCF_900101965.1_IMG-taxon_2675903020_annotated_assembly	4210844	4.21058e+06	0	0
GCF_900102065.1_IMG-taxon_2593339154_annotated_assembly	3144379	3.14411e+06	0	0
GCF_900102235.1_IMG-taxon_2593339165_annotated_assembly	3517705	3.51744e+06	0	0
GCF_900102475.1_IMG-taxon_2599185228_annotated_assembly	4516683	4.51642e+06	0	0
GCF_900102515.1_IMG-taxon_2593339224_annotated_assembly	4194018	4.19375e+06	1.00103	0.0433429
GCF_900102595.1_IMG-taxon_2623620521_annotated_assembly	6397213	6.39695e+06	1.00375	0.0284922
GCF_900103005.1_IMG-taxon_2599185234_annotated_assembly	3614014	3.61375e+06	0	0
GCF_900103115.1_IMG-taxon_2654588126_annotated_assembly	2099060	2.09879e+06	0	0
GCF_900103235.1_IMG-taxon_2593339151_annotated_assembly	4145542	4.14527e+06	367.453	16.0961
GCF_900103315.1_IMG-taxon_2623620459_annotated_assembly	3296380	3.29611e+06	0	0
GCF_900103495.1_IMG-taxon_2593339220_annotated_assembly	3043248	3.04298e+06	12599.1	751.816
GCF_900103685.1_IMG-taxon_2623620481_annotated_assembly	2876033	2.87577e+06	0	0
GCF_900103815.1_IMG-taxon_2657245269_annotated_assembly	2702137	2.70187e+06	0	0
GCF_900103835.1_IMG-taxon_2667527408_annotated_assembly	2915735	2.91547e+06	0	0
GCF_900104155.1_IMG-taxon_2593339137_annotated_assembly	4799582	4.79931e+06	15.4212	0.583461
GCF_900104335.1_IMG-taxon_2593339244_annotated_assembly	3242132	3.24186e+06	0	0
GCF_900104565.1_PRJEB16354	2673867	2.6736e+06	0	0
GCF_900104615.1_PRJEB16353	2510341	2.51007e+06	0	0
GCF_900104665.1_PRJEB16357	2605754	2.60549e+06	1.00495	0.0700371
GCF_900104675.1_PRJEB16361	4040808	4.04054e+06	2.68542	0.120683
GCF_900105615.1_IMG-taxon_2675902961_annotated_assembly	5300235	5.29997e+06	0	0
GCF_900106615.1_IMG-taxon_2651870364_annotated_assembly	3201941	3.20167e+06	0	0
GCF_900106755.1_IMG-taxon_2693429916_annotated_assembly	5959993	5.95973e+06	18.1533	0.553097
GCF_900106785.1_PRJEB16531	3472735	3.47247e+06	1.13287	0.0592397
GCF_900106815.1_IMG-taxon_2606217761_annotated_assembly	2128180	2.12791e+06	0	0
GCF_900106845.1_PRJEB14233	3094676	3.09441e+06	0	0
GCF_900107245.1_IMG-taxon_2593339158_annotated_assembly	2710379	2.71011e+06	0	0
GCF_900107485.1_IMG-taxon_2599185206_annotated_assembly	3161589	3.16132e+06	0	0
GCF_900107545.1_IMG-taxon_2593339240_annotated_assembly	3660295	3.66003e+06	30047.4	1490.71
GCF_900107575.1_IMG-taxon_2593339166_annotated_assembly	2959414	2.95915e+06	0	0
GCF_900107655.1_IMG-taxon_2654588113_annotated_assembly	3331889	3.33162e+06	0	0
GCF_900107675.1_IMG-taxon_2693429854_annotated_assembly	3488803	3.48854e+06	1.0005	0.0520768
GCF_900107785.1_IMG-taxon_2654588140_annotated_assembly	4152271	4.152e+06	0	0
GCF_900107835.1_IMG-taxon_2657244910_annotated_assembly	4016265	4.016e+06	155.22	7.01821
GCF_900108375.1_IMG-taxon_2596583684_annotated_assembly	3553616	3.55335e+06	132328	6762.16
GCF_900108555.1_IMG-taxon_2593339145_annotated_assembly	3658683	3.65842e+06	1.0013	0.0496984
GCF_900108895.1_IMG-taxon_2654588144_annotated_assembly	5235399	5.23513e+06	128.36	4.45218
GCF_900109005.1_IMG-taxon_2617270830_annotated_assembly	2509324	2.50906e+06	0	0
GCF_900109085.1_IMG-taxon_2616644817_annotated_assembly	2179345	2.17908e+06	0	0
GCF_900109215.1_IMG-taxon_2654588124_annotated_assembly	2067431	2.06716e+06	0	0
GCF_900109435.1_IMG-taxon_2593339146_annotated_assembly	3558645	3.55838e+06	1.00211	0.0511369
GCF_900109475.1_IMG-taxon_2606217762_annotated_assembly	4734758	4.73449e+06	19113.5	733.057
GCF_900109635.1_IMG-taxon_2623620522_annotated_assembly	4975642	4.97537e+06	1.19744	0.0437019
GCF_900109655.1_IMG-taxon_2651870358_annotated_assembly	3842938	3.84267e+06	0	0
GCF_900109715.1_IMG-taxon_2595698239_annotated_assembly	2762367	2.7621e+06	11079	728.337
GCF_900109965.1_IMG-taxon_2593339260_annotated_assembly	6063883	6.06362e+06	324.95	9.73096
GCF_900110045.1_IMG-taxon_2667527384_annotated_assembly	3177901	3.17763e+06	0	0
GCF_900110635.1_IMG-taxon_2593339258_annotated_assembly	3721023	3.72076e+06	15442.7	753.638
GCF_900110805.1_IMG-taxon_2593339242_annotated_assembly	4407971	4.4077e+06	1.0651	0.0438781
GCF_900110975.1_IMG-taxon_2593339164_annotated_assembly	2342344	2.34208e+06	1.00019	0.0775448
GCF_900111135.1_IMG-taxon_2684622850_annotated_assembly	2136445	2.13618e+06	0	0
GCF_900111185.1_IMG-taxon_2623620520_annotated_assembly	5012653	5.01239e+06	1.00158	0.036284
GCF_900111325.1_IMG-taxon_2593339159_annotated_assembly	2534344	2.53408e+06	0	0
GCF_900111355.1_IMG-taxon_2634166323_annotated_assembly	2821074	2.82081e+06	0	0
GCF_900111435.1_IMG-taxon_2654588206_annotated_assembly	2915044	2.91478e+06	0	0
GCF_900111525.1_IMG-taxon_2606217815_annotated_assembly	3278097	3.27783e+06	0	0
GCF_900111575.1_IMG-taxon_2602042032_annotated_assembly	2299248	2.29898e+06	0	0
GCF_900111595.1_IMG-taxon_2606217760_annotated_assembly	3450237	3.44997e+06	0	0
GCF_900112085.1_IMG-taxon_2651870361_annotated_assembly	3079279	3.07901e+06	1.00197	0.0590899
GCF_900112155.1_IMG-taxon_2593339152_annotated_assembly	4273839	4.27357e+06	0	0
GCF_900112195.1_IMG-taxon_2595698243_annotated_assembly	4580586	4.58032e+06	0	0
GCF_900112775.1_IMG-taxon_2599185221_annotated_assembly	4219111	4.21884e+06	17548.5	755.299
GCF_900112795.1_IMG-taxon_2693429893_annotated_assembly	3899786	3.89952e+06	0	0
GCF_900112855.1_IMG-taxon_2606217811_annotated_assembly	2943594	2.94333e+06	0	0
GCF_900112885.1_IMG-taxon_2593339256_annotated_assembly	3113650	3.11338e+06	0	0
GCF_900113005.1_IMG-taxon_2663762719_annotated_assembly	5091677	5.09141e+06	0	0
GCF_900113155.1_IMG-taxon_2593339147_annotated_assembly	5466861	5.46659e+06	274.775	9.12708
GCF_900113385.1_IMG-taxon_2608642107_annotated_assembly	2843698	2.84343e+06	0	0
GCF_900113415.1_IMG-taxon_2651870359_annotated_assembly	3642962	3.64269e+06	3.01558	0.150321
GCF_900113595.1_IMG-taxon_2657245270_annotated_assembly	7250561	7.25029e+06	58501.9	1465.16
GCF_900113645.1_IMG-taxon_2619618836_annotated_assembly	2974039	2.97377e+06	0	0
GCF_900113655.1_IMG-taxon_2606217763_annotated_assembly	3558179	3.55791e+06	1.00345	0.0512119
GCF_900113995.1_IMG-taxon_2593339255_annotated_assembly	2633031	2.63276e+06	0	0
GCF_900114115.1_IMG-taxon_2622736590_annotated_assembly	4252565	4.2523e+06	0	0
GCF_900114235.1_IMG-taxon_2636415975_annotated_assembly	2552906	2.55264e+06	3.00084	0.213464
GCF_900114365.1_IMG-taxon_2651870357_annotated_assembly	4926848	4.92658e+06	0	0
GCF_900114405.1_IMG-taxon_2654588176_annotated_assembly	3869903	3.86964e+06	0	0
GCF_900114465.1_IMG-taxon_2619618822_annotated_assembly	2929355	2.92909e+06	0	0
GCF_900115355.1_IMG-taxon_2623620483_annotated_assembly	3061614	3.06135e+06	4.12354	0.244584
GCF_900115365.1_IMG-taxon_2634166351_annotated_assembly	4624864	4.6246e+06	0	0
GCF_900115435.1_IMG-taxon_2623620458_annotated_assembly	3510024	3.50976e+06	0	0
GCF_900115735.1_IMG-taxon_2623620519_annotated_assembly	4166930	4.16666e+06	0	0
GCF_900115795.1_IMG-taxon_2593339157_annotated_assembly	2720102	2.71983e+06	0	0
GCF_900115855.1_IMG-taxon_2623620476_annotated_assembly	6043890	6.04362e+06	0	0
GCF_900116075.1_IMG-taxon_2654588129_annotated_assembly	3911405	3.91114e+06	0	0
GCF_900116395.1_IMG-taxon_2595698216_annotated_assembly	2481297	2.48103e+06	0	0
GCF_900116875.1_IMG-taxon_2593339243_annotated_assembly	3343245	3.34298e+06	0	0
GCF_900119075.1_IMG-taxon_2593339237_annotated_assembly	3363626	3.36336e+06	0	0
GCF_900119155.1_IMG-taxon_2593339149_annotated_assembly	4070832	4.07056e+06	117971	5262.5
GCF_900119285.1_IMG-taxon_2593339271_annotated_assembly	2795470	2.7952e+06	0	0
GCF_900119535.1_IMG-taxon_2606217757_annotated_assembly	3637944	3.63768e+06	60166.7	3003.33
GCF_900120005.1_PRJEB18022	3679926	3.67966e+06	0	0
GCF_900120195.1_PRJEB18016	3305512	3.30524e+06	0	0
GCF_900120295.1_PRJEB18018	2944394	2.94413e+06	3.05487	0.188412
GCF_900120345.1_PRJEB18024	3500763	3.5005e+06	6.09287	0.316056
GCF_900120395.1_PRJEB18035	2125189	2.12492e+06	2.481	0.21201
GCF_900128445.1_PRJEB18031	2632687	2.63242e+06	0	0
GCF_900128485.1_PRJEB18048	2351344	2.35108e+06	39049	3015.88
GCF_900128495.1_PRJEB18049	3974416	3.97415e+06	0	0
GCF_900128505.1_PRJEB18032	6481361	6.48109e+06	1.00087	0.0280416
GCF_900128905.1_IMG-taxon_2695420932_annotated_assembly	4119003	4.11874e+06	0	0
GCF_900129025.1_IMG-taxon_2695420943_annotated_assembly	5048286	5.04802e+06	42075	1513.47
GCF_900129135.1_IMG-taxon_2585428044_annotated_assembly	4839757	4.83949e+06	2.05795	0.0772158
GCF_900129165.1_IMG-taxon_2582581271_annotated_assembly	3076321	3.07605e+06	0	0
GCF_900129535.1_IMG-taxon_2695420955_annotated_assembly	3210248	3.20998e+06	8.46716	0.478968
GCF_900129565.1_IMG-taxon_2675903007_annotated_assembly	4905309	4.90504e+06	0	0
GCF_900129995.1_IMG-taxon_2585428077_annotated_assembly	2461044	2.46078e+06	0	0
GCF_900130025.1_IMG-taxon_2585428081_annotated_assembly	2910488	2.91022e+06	0	0
GCF_900130065.1_IMG-taxon_2585428085_annotated_assembly	4197004	4.19674e+06	0	0
GCF_900130135.1_PRJEB18269	3975279	3.97501e+06	19.5797	0.894416
GCF_900141755.1_IMG-taxon_2698536816_annotated_assembly	7910099	7.90983e+06	98924	2270.94
GCF_900141825.1_IMG-taxon_2585428087_annotated_assembly	3421289	3.42102e+06	0	0
GCF_900141865.1_IMG-taxon_2585428091_annotated_assembly	2779959	2.77969e+06	0	0
GCF_900142105.1_IMG-taxon_2585428153_annotated_assembly	3582398	3.58213e+06	0	0
GCF_900142115.1_IMG-taxon_2585428154_annotated_assembly	3544524	3.54426e+06	0	0
GCF_900142165.1_IMG-taxon_2585428171_annotated_assembly	4401927	4.40166e+06	727530	30012.7
GCF_900142215.1_IMG-taxon_2585428173_annotated_assembly	6621033	6.62077e+06	0	0
GCF_900142265.1_IMG-taxon_2585428190_annotated_assembly	3541792	3.54152e+06	276708	14187.4
GCF_900142285.1_IMG-taxon_2585428193_annotated_assembly	2474166	2.4739e+06	0	0
GCF_900142305.1_IMG-taxon_2627853554_annotated_assembly	2449198	2.44893e+06	0	0
GCF_900142645.1_IMG-taxon_2642422560_annotated_assembly	4441526	4.44126e+06	1.009	0.0412529
GCF_900142955.1_IMG-taxon_2588253509_annotated_assembly	5217229	5.21696e+06	0	0
GCF_900143025.1_IMG-taxon_2623620473_annotated_assembly	3675650	3.67538e+06	1.00059	0.0494342
GCF_900143195.1_501571.5	3278935	3.27867e+06	0	0
GCF_900143205.1_IMG-taxon_2582580726_annotated_assembly	3391787	3.39152e+06	0	0
GCF_900143645.1_IMG-taxon_2582580727_annotated_assembly	5415581	5.41531e+06	0	0
GCF_900155365.1_PRJEB18748	1875647	1.87538e+06	0	0
GCF_900155425.1_PRJEB18759	5014076	5.01381e+06	3.00624	0.108875
GCF_900155655.1_Prevotella_ihuae	3312608	3.31234e+06	24.4115	1.33823
GCF_900155865.1_PRJEB18812	5306351	5.30608e+06	1.09094	0.0373335
GCF_900157215.1_Strain_3-3	2312090	2.31182e+06	49.1543	3.86081
GCF_900157225.1_7BTORR	2244048	2.24378e+06	95.6479	7.74046
GCF_900157235.1_YH522	2253560	2.25329e+06	143.457	11.5605
GCF_900157245.1_15-9	2251705	2.25144e+06	128.001	10.3234
GCF_900157255.1_ATCC49417	2416463	2.4162e+06	6444.62	484.325
GCF_900157265.1_A7A1-28	2222198	2.22193e+06	145.102	11.8581
GCF_900157275.1_84-3	2321953	2.32169e+06	58.9454	4.61018
GCF_900157285.1_13-1	2338983	2.33872e+06	143.865	11.1699
GCF_900157295.1_11A	2300424	2.30016e+06	152.759	12.0593
GCF_900157345.1_AFR-5B1	2290489	2.29022e+06	115.59	9.16465
GCF_900162725.1_PRJEB18272	4705461	4.70519e+06	0	0
GCF_900167005.1_IMG-taxon_2585428076_annotated_assembly	3269310	3.26904e+06	11.253	0.625054
GCF_900167105.1_IMG-taxon_2582581320_annotated_assembly	2030924	2.03066e+06	1.00365	0.0897466
GCF_900167215.1_IMG-taxon_2585428116_annotated_assembly	2552811	2.55254e+06	0	0
GCF_900167225.1_IMG-taxon_2585428092_annotated_assembly	2045286	2.04502e+06	0	0
GCF_900167355.1_IMG-taxon_2585428082_annotated_assembly	2366918	2.36665e+06	248.698	19.0814
GCF_900167385.1_IMG-taxon_2585428083_annotated_assembly	2832724	2.83246e+06	7.49292	0.480352
GCF_900167555.1_IMG-taxon_2590828806_annotated_assembly	3242479	3.24221e+06	0	0
GCF_900168155.1_IMG-taxon_2595698220_annotated_assembly	3909095	3.90883e+06	0	0
GCF_900168165.1_IMG-taxon_2595698211_annotated_assembly	4552526	4.55226e+06	0	0
GCF_900168235.1_IMG-taxon_2606217738_annotated_assembly	3789951	3.78968e+06	0	0
GCF_900169665.1_PRJEB19993	3356412	3.35614e+06	0	0
GCF_900169975.1_PRJEB20005	3118774	3.11851e+06	1.00073	0.0582697
GCF_900176335.1_IMG-taxon_2588254267_annotated_assembly	2888810	2.88854e+06	0	0
GCF_900176655.1_PRJEB20374	2144634	2.14437e+06	0.000493957	4.18275e-05
GCF_900178545.1_AS-FLEC03-V1	1897727	1.89746e+06	11.4886	1.09943
GCF_900184885.1_MOUSE_M89_JASPER.fasta	2860624	2.86036e+06	110482	7013.64
GCF_900184965.1_Mouse_2_MG.fasta	2860624	2.86036e+06	61379	3896.47
GCF_900184975.1_Chimpanzee_2_2.fasta	2940029	2.93976e+06	42.2423	2.6092
GCF_900184995.1_PRJEB20927	4260696	4.26043e+06	0	0
GCF_900187175.1_51342_A02	4392177	4.39191e+06	0	0
GCF_900196675.1_F2_97	5200269	5.2e+06	0	0
GCF_900199595.1_IMG-taxon_2623620511_annotated_assembly	3490747	3.49048e+06	0	0
GCF_900232875.1_PRJEB23011	3822936	3.82267e+06	0	0
GCF_900234395.1_JOUY54_assembly_v1	2011359	2.01109e+06	57433.4	5185.66
