sample_id	Bin ID	Most abundant genome	Purity (bp)	Completeness (bp)	Bin size (bp)	True positives (bp)	True size of most abundant genome (bp)	Purity (seq)	Completeness (seq)	Bin size (seq)	True positives (seq)	True size of most abundant genome (seq)
gsa_pooled	304080.0	304080.0	1.0	1.0	3418863	3418863	3418863	1.0	1.0	254	254	254
gsa_pooled	1871.0	1871.0	1.0	1.0	2317243	2317243	2317243	1.0	1.0	39	39	39
gsa_pooled	263518.0	263518.0	1.0	1.0	4250830	4250830	4250830	1.0	1.0	50	50	50
gsa_pooled	190547.0	190547.0	1.0	1.0	5454400	5454400	5454400	1.0	1.0	148	148	148
gsa_pooled	577294.0	577294.0	1.0	1.0	4611510	4611510	4611510	1.0	1.0	42	42	42
gsa_pooled	denovo404.0	denovo404.0	1.0	1.0	2161557	2161557	2161557	1.0	1.0	190	190	190
gsa_pooled	293580.0	293580.0	1.0	1.0	4646913	4646913	4646913	1.0	1.0	90	90	90
gsa_pooled	denovo2795.0	denovo2795.0	1.0	1.0	5146912	5146912	5146912	1.0	1.0	200	200	200
gsa_pooled	4476780.0	4476780.0	1.0	1.0	2869344	2869344	2869344	1.0	1.0	106	106	106
gsa_pooled	denovo516.0	denovo516.0	1.0	1.0	2403618	2403618	2403618	1.0	1.0	233	233	233
gsa_pooled	4407703.0	4407703.0	1.0	1.0	2408741	2408741	2408741	1.0	1.0	163	163	163
gsa_pooled	161277.0	161277.0	1.0	1.0	5199601	5199601	5199601	1.0	1.0	45	45	45
gsa_pooled	denovo852.0	denovo852.0	1.0	1.0	3369054	3369054	3369054	1.0	1.0	370	370	370
gsa_pooled	175613.0	175613.0	1.0	1.0	4733698	4733698	4733698	1.0	1.0	86	86	86
gsa_pooled	174959.0	174959.0	1.0	1.0	2841676	2841676	2841676	1.0	1.0	96	96	96
gsa_pooled	264155.0	264155.0	1.0	1.0	3089076	3089076	3089076	1.0	1.0	147	147	147
gsa_pooled	1105328.0	1105328.0	1.0	1.0	3489262	3489262	3489262	1.0	1.0	53	53	53
gsa_pooled	228785.0	228785.0	1.0	1.0	2290140	2290140	2290140	1.0	1.0	148	148	148
gsa_pooled	270448.1	270448.1	1.0	1.0	3706740	3706740	3706740	1.0	1.0	255	255	255
gsa_pooled	178480.0	178480.0	1.0	1.0	4070167	4070167	4070167	1.0	1.0	51	51	51
gsa_pooled	denovo10393.1	denovo10393.1	1.0	1.0	2826256	2826256	2826256	1.0	1.0	109	109	109
gsa_pooled	262634.0	262634.0	1.0	1.0	2400591	2400591	2400591	1.0	1.0	86	86	86
gsa_pooled	denovo725.0	denovo725.0	1.0	1.0	2288824	2288824	2288824	1.0	1.0	240	240	240
gsa_pooled	295590.0	295590.0	1.0	1.0	1621542	1621542	1621542	1.0	1.0	112	112	112
gsa_pooled	4469576.0	4469576.0	1.0	1.0	3540070	3540070	3540070	1.0	1.0	171	171	171
gsa_pooled	259087.0	259087.0	1.0	1.0	3127181	3127181	3127181	1.0	1.0	328	328	328
gsa_pooled	3588390.0	3588390.0	1.0	1.0	5110603	5110603	5110603	1.0	1.0	36	36	36
gsa_pooled	175529.0	175529.0	1.0	1.0	3791937	3791937	3791937	1.0	1.0	64	64	64
gsa_pooled	129394.0	129394.0	1.0	1.0	3925251	3925251	3925251	1.0	1.0	59	59	59
gsa_pooled	172640.1	172640.1	1.0	1.0	6073843	6073843	6073843	1.0	1.0	88	88	88
gsa_pooled	denovo1065.0	denovo1065.0	1.0	1.0	4258901	4258901	4258901	1.0	1.0	370	370	370
gsa_pooled	denovo532.0	denovo532.0	1.0	1.0	2211442	2211442	2211442	1.0	1.0	106	106	106
gsa_pooled	675509.0	675509.0	1.0	1.0	1575290	1575290	1575290	1.0	1.0	44	44	44
gsa_pooled	3919797.0	3919797.0	1.0	1.0	5466789	5466789	5466789	1.0	1.0	58	58	58
gsa_pooled	137043.0	137043.0	1.0	1.0	3217332	3217332	3217332	1.0	1.0	25	25	25
gsa_pooled	262917.0	262917.0	1.0	1.0	4505146	4505146	4505146	1.0	1.0	212	212	212
gsa_pooled	denovo527.0	denovo527.0	1.0	1.0	4537547	4537547	4537547	1.0	1.0	540	540	540
gsa_pooled	730939.0	730939.0	1.0	1.0	3056453	3056453	3056453	1.0	1.0	38	38	38
gsa_pooled	denovo13122.0	denovo13122.0	1.0	1.0	3156357	3156357	3156357	1.0	1.0	85	85	85
gsa_pooled	180944.0	180944.0	1.0	1.0	4573710	4573710	4573710	1.0	1.0	46	46	46
gsa_pooled	denovo2313.0	denovo2313.0	1.0	1.0	2562407	2562407	2562407	1.0	1.0	25	25	25
gsa_pooled	135956.0	135956.0	1.0	1.0	2785885	2785885	2785885	1.0	1.0	229	229	229
gsa_pooled	denovo12694.1	denovo12694.1	1.0	1.0	2867889	2867889	2867889	1.0	1.0	32	32	32
gsa_pooled	827522.0	827522.0	1.0	1.0	3557097	3557097	3557097	1.0	1.0	54	54	54
gsa_pooled	denovo2529.0	denovo2529.0	1.0	1.0	4138785	4138785	4138785	1.0	1.0	148	148	148
gsa_pooled	1109178.0	1109178.0	1.0	1.0	3588887	3588887	3588887	1.0	1.0	146	146	146
gsa_pooled	334395.0	334395.0	1.0	1.0	2895316	2895316	2895316	1.0	1.0	176	176	176
gsa_pooled	171322.0	171322.0	1.0	1.0	2938451	2938451	2938451	1.0	1.0	45	45	45
gsa_pooled	522433.0	522433.0	1.0	1.0	4563358	4563358	4563358	1.0	1.0	185	185	185
gsa_pooled	denovo12129.0	denovo12129.0	1.0	1.0	5156148	5156148	5156148	1.0	1.0	36	36	36
gsa_pooled	denovo6551.1	denovo6551.1	1.0	1.0	3079256	3079256	3079256	1.0	1.0	209	209	209
gsa_pooled	267451.0	267451.0	1.0	1.0	3509988	3509988	3509988	1.0	1.0	18	18	18
gsa_pooled	denovo1832.0	denovo1832.0	1.0	1.0	5521612	5521612	5521612	1.0	1.0	42	42	42
gsa_pooled	197644.0	197644.0	1.0	1.0	26983	26983	26983	1.0	1.0	112	112	112
gsa_pooled	163997.0	163997.0	1.0	1.0	2943279	2943279	2943279	1.0	1.0	9	9	9
gsa_pooled	188548.0	188548.0	1.0	1.0	4373540	4373540	4373540	1.0	1.0	65	65	65
gsa_pooled	denovo8808.0	denovo8808.0	1.0	1.0	6556522	6556522	6556522	1.0	1.0	78	78	78
gsa_pooled	denovo13345.0	denovo13345.0	1.0	1.0	2247245	2247245	2247245	1.0	1.0	262	262	262
gsa_pooled	229459.0	229459.0	1.0	1.0	2457219	2457219	2457219	1.0	1.0	158	158	158
gsa_pooled	180731.0	180731.0	1.0	1.0	5321994	5321994	5321994	1.0	1.0	51	51	51
gsa_pooled	169106.0	169106.0	1.0	1.0	2188734	2188734	2188734	1.0	1.0	111	111	111
gsa_pooled	4379247.0	4379247.0	1.0	1.0	2453640	2453640	2453640	1.0	1.0	127	127	127
gsa_pooled	denovo3222.0	denovo3222.0	1.0	1.0	1554938	1554938	1554938	1.0	1.0	32	32	32
gsa_pooled	denovo4581.0	denovo4581.0	1.0	1.0	2879945	2879945	2879945	1.0	1.0	3	3	3
gsa_pooled	denovo2227.0	denovo2227.0	1.0	1.0	3153910	3153910	3153910	1.0	1.0	126	126	126
gsa_pooled	denovo4408.0	denovo4408.0	1.0	1.0	2353433	2353433	2353433	1.0	1.0	79	79	79
gsa_pooled	denovo4615.0	denovo4615.0	1.0	1.0	2819272	2819272	2819272	1.0	1.0	47	47	47
gsa_pooled	831301.0	831301.0	1.0	1.0	2127241	2127241	2127241	1.0	1.0	68	68	68
gsa_pooled	167420.0	167420.0	1.0	1.0	2605210	2605210	2605210	1.0	1.0	18	18	18
gsa_pooled	851733.0	851733.0	1.0	1.0	2713567	2713567	2713567	1.0	1.0	83	83	83
gsa_pooled	231021.0	231021.0	1.0	1.0	3825726	3825726	3825726	1.0	1.0	50	50	50
gsa_pooled	denovo8373.1	denovo8373.1	1.0	1.0	2199619	2199619	2199619	1.0	1.0	87	87	87
gsa_pooled	196122.0	196122.0	1.0	1.0	2761663	2761663	2761663	1.0	1.0	30	30	30
gsa_pooled	1111580.0	1111580.0	1.0	1.0	3177713	3177713	3177713	1.0	1.0	15	15	15
gsa_pooled	182712.1	182712.1	1.0	1.0	3706993	3706993	3706993	1.0	1.0	48	48	48
gsa_pooled	70830.1	70830.1	1.0	1.0	2858417	2858417	2858417	1.0	1.0	77	77	77
gsa_pooled	267042.0	267042.0	1.0	1.0	3006613	3006613	3006613	1.0	1.0	62	62	62
gsa_pooled	245324.1	245324.1	1.0	1.0	3009781	3009781	3009781	1.0	1.0	30	30	30
gsa_pooled	denovo10808.0	denovo10808.0	1.0	1.0	3046193	3046193	3046193	1.0	1.0	169	169	169
gsa_pooled	351309.0	351309.0	1.0	1.0	4218314	4218314	4218314	1.0	1.0	55	55	55
gsa_pooled	180362.0	180362.0	1.0	1.0	7460798	7460798	7460798	1.0	1.0	419	419	419
gsa_pooled	259993.0	259993.0	1.0	1.0	1737292	1737292	1737292	1.0	1.0	14	14	14
gsa_pooled	272949.1	272949.1	1.0	1.0	4168345	4168345	4168345	1.0	1.0	189	189	189
gsa_pooled	183606.0	183606.0	1.0	1.0	4603998	4603998	4603998	1.0	1.0	108	108	108
gsa_pooled	denovo10697.0	denovo10697.0	1.0	1.0	3275801	3275801	3275801	1.0	1.0	45	45	45
gsa_pooled	233991.1	233991.1	1.0	1.0	3884942	3884942	3884942	1.0	1.0	167	167	167
gsa_pooled	4306262.0	4306262.0	1.0	1.0	2830183	2830183	2830183	1.0	1.0	48	48	48
gsa_pooled	228140.0	228140.0	1.0	1.0	4440983	4440983	4440983	1.0	1.0	34	34	34
gsa_pooled	denovo9179.0	denovo9179.0	1.0	1.0	4460204	4460204	4460204	1.0	1.0	255	255	255
gsa_pooled	denovo9225.0	denovo9225.0	1.0	1.0	2907639	2907639	2907639	1.0	1.0	92	92	92
gsa_pooled	denovo12921.0	denovo12921.0	1.0	1.0	4321664	4321664	4321664	1.0	1.0	147	147	147
gsa_pooled	denovo5602.0	denovo5602.0	1.0	1.0	4390984	4390984	4390984	1.0	1.0	5	5	5
gsa_pooled	319702.0	319702.0	1.0	1.0	3418858	3418858	3418858	1.0	1.0	59	59	59
gsa_pooled	4378740.1	4378740.1	1.0	1.0	3222822	3222822	3222822	1.0	1.0	69	69	69
gsa_pooled	327900.0	327900.0	1.0	1.0	3233826	3233826	3233826	1.0	1.0	138	138	138
gsa_pooled	230268.0	230268.0	1.0	1.0	3236970	3236970	3236970	1.0	1.0	91	91	91
gsa_pooled	denovo12924.0	denovo12924.0	1.0	1.0	3839308	3839308	3839308	1.0	1.0	88	88	88
gsa_pooled	167509.1	167509.1	1.0	1.0	3075797	3075797	3075797	1.0	1.0	51	51	51
gsa_pooled	260201.0	260201.0	1.0	1.0	2626431	2626431	2626431	1.0	1.0	255	255	255
gsa_pooled	268844.0	268844.0	1.0	1.0	3051005	3051005	3051005	1.0	1.0	47	47	47
gsa_pooled	denovo5065.0	denovo5065.0	1.0	1.0	1609018	1609018	1609018	1.0	1.0	730	730	730
gsa_pooled	denovo1457.0	denovo1457.0	1.0	1.0	4847868	4847868	4847868	1.0	1.0	1212	1212	1212
gsa_pooled	denovo5713.0	denovo5713.0	1.0	1.0	5184738	5184738	5184738	1.0	1.0	257	257	257
gsa_pooled	173916.0	173916.0	1.0	1.0	7250240	7250240	7250240	1.0	1.0	24	24	24
gsa_pooled	828435.0	828435.0	1.0	1.0	3513158	3513158	3513158	1.0	1.0	168	168	168
gsa_pooled	175706.0	175706.0	1.0	1.0	2326509	2326509	2326509	1.0	1.0	213	213	213
gsa_pooled	264155.1	264155.1	1.0	1.0	222878	222878	222878	1.0	1.0	893	893	893
gsa_pooled	denovo3878.0	denovo3878.0	1.0	1.0	2365742	2365742	2365742	1.0	1.0	35	35	35
gsa_pooled	denovo4917.0	denovo4917.0	1.0	1.0	3815603	3815603	3815603	1.0	1.0	135	135	135
gsa_pooled	1107303.0	1107303.0	1.0	1.0	3565231	3565231	3565231	1.0	1.0	233	233	233
gsa_pooled	4474255.0	4474255.0	1.0	1.0	2822674	2822674	2822674	1.0	1.0	159	159	159
gsa_pooled	denovo2950.0	denovo2950.0	1.0	1.0	2473931	2473931	2473931	1.0	1.0	180	180	180
gsa_pooled	4397402.0	4397402.0	1.0	1.0	3218232	3218232	3218232	1.0	1.0	117	117	117
gsa_pooled	262095.0	262095.0	1.0	1.0	3140347	3140347	3140347	1.0	1.0	184	184	184
gsa_pooled	denovo5786.0	denovo5786.0	1.0	1.0	2787452	2787452	2787452	1.0	1.0	81	81	81
gsa_pooled	4354103.0	4354103.0	1.0	1.0	2296869	2296869	2296869	1.0	1.0	329	329	329
gsa_pooled	160140.1	160140.1	1.0	1.0	4472466	4472466	4472466	1.0	1.0	688	688	688
gsa_pooled	189789.0	189789.0	1.0	1.0	4010075	4010075	4010075	1.0	1.0	102	102	102
gsa_pooled	denovo3118.0	denovo3118.0	1.0	1.0	2998873	2998873	2998873	1.0	1.0	640	640	640
gsa_pooled	187962.0	187962.0	1.0	1.0	2969666	2969666	2969666	1.0	1.0	6	6	6
gsa_pooled	denovo11206.0	denovo11206.0	1.0	1.0	3296047	3296047	3296047	1.0	1.0	264	264	264
gsa_pooled	317389.0	317389.0	1.0	1.0	7549272	7549272	7549272	1.0	1.0	79	79	79
gsa_pooled	denovo5848.0	denovo5848.0	1.0	1.0	2463680	2463680	2463680	1.0	1.0	289	289	289
gsa_pooled	denovo7466.0	denovo7466.0	1.0	1.0	3207527	3207527	3207527	1.0	1.0	83	83	83
gsa_pooled	262104.0	262104.0	1.0	1.0	4802621	4802621	4802621	1.0	1.0	381	381	381
gsa_pooled	4355314.0	4355314.0	1.0	1.0	5351597	5351597	5351597	1.0	1.0	40	40	40
gsa_pooled	275984.0	275984.0	1.0	1.0	3277869	3277869	3277869	1.0	1.0	104	104	104
gsa_pooled	3141094.0	3141094.0	1.0	1.0	5992659	5992659	5992659	1.0	1.0	259	259	259
gsa_pooled	1108453.0	1108453.0	1.0	1.0	3642287	3642287	3642287	1.0	1.0	55	55	55
gsa_pooled	denovo11146.0	denovo11146.0	1.0	1.0	4443942	4443942	4443942	1.0	1.0	1592	1592	1592
gsa_pooled	denovo1959.0	denovo1959.0	1.0	1.0	4698194	4698194	4698194	1.0	1.0	129	129	129
gsa_pooled	denovo5795.0	denovo5795.0	1.0	1.0	2767458	2767458	2767458	1.0	1.0	156	156	156
gsa_pooled	264359.1	264359.1	1.0	1.0	2954772	2954772	2954772	1.0	1.0	69	69	69
gsa_pooled	4329571.0	4329571.0	1.0	1.0	6452098	6452098	6452098	1.0	1.0	33	33	33
gsa_pooled	denovo7309.0	denovo7309.0	1.0	1.0	2539840	2539840	2539840	1.0	1.0	824	824	824
gsa_pooled	166911.0	166911.0	1.0	1.0	2097744	2097744	2097744	1.0	1.0	3	3	3
gsa_pooled	184470.0	184470.0	1.0	1.0	2576417	2576417	2576417	1.0	1.0	61	61	61
gsa_pooled	999989.0	999989.0	1.0	1.0	2681610	2681610	2681610	1.0	1.0	382	382	382
gsa_pooled	denovo1402.0	denovo1402.0	1.0	1.0	2247310	2247310	2247310	1.0	1.0	99	99	99
gsa_pooled	denovo6356.0	denovo6356.0	1.0	1.0	3076805	3076805	3076805	1.0	1.0	62	62	62
gsa_pooled	denovo8312.0	denovo8312.0	1.0	1.0	4573681	4573681	4573681	1.0	1.0	275	275	275
gsa_pooled	289315.0	289315.0	1.0	1.0	5530080	5530080	5530080	1.0	1.0	60	60	60
gsa_pooled	4390319.0	4390319.0	1.0	1.0	6016190	6016190	6016190	1.0	1.0	234	234	234
gsa_pooled	175758.0	175758.0	1.0	1.0	3365967	3365967	3365967	1.0	1.0	39	39	39
gsa_pooled	291090.0	291090.0	1.0	1.0	6688615	6688615	6688615	1.0	1.0	50	50	50
gsa_pooled	denovo4306.0	denovo4306.0	1.0	1.0	2157786	2157786	2157786	1.0	1.0	242	242	242
gsa_pooled	denovo3777.0	denovo3777.0	1.0	1.0	1967712	1967712	1967712	1.0	1.0	65	65	65
gsa_pooled	187400.0	187400.0	1.0	1.0	3405479	3405479	3405479	1.0	1.0	146	146	146
gsa_pooled	288521.0	288521.0	1.0	1.0	1951939	1951939	1951939	1.0	1.0	65	65	65
gsa_pooled	denovo273.0	denovo273.0	1.0	1.0	2986716	2986716	2986716	1.0	1.0	412	412	412
gsa_pooled	denovo3874.0	denovo3874.0	1.0	1.0	2922882	2922882	2922882	1.0	1.0	119	119	119
gsa_pooled	denovo6222.0	denovo6222.0	1.0	1.0	4142571	4142571	4142571	1.0	1.0	57	57	57
gsa_pooled	denovo8808.1	denovo8808.1	1.0	1.0	2341301	2341301	2341301	1.0	1.0	50	50	50
gsa_pooled	denovo8413.0	denovo8413.0	1.0	1.0	2734630	2734630	2734630	1.0	1.0	72	72	72
gsa_pooled	272953.0	272953.0	1.0	1.0	3572863	3572863	3572863	1.0	1.0	289	289	289
gsa_pooled	denovo5579.0	denovo5579.0	1.0	1.0	2507257	2507257	2507257	1.0	1.0	137	137	137
gsa_pooled	174805.0	174805.0	1.0	1.0	3909162	3909162	3909162	1.0	1.0	87	87	87
gsa_pooled	denovo5222.0	denovo5222.0	1.0	1.0	2285378	2285378	2285378	1.0	1.0	439	439	439
gsa_pooled	denovo8733.0	denovo8733.0	1.0	1.0	2027632	2027632	2027632	1.0	1.0	233	233	233
gsa_pooled	267536.0	267536.0	1.0	1.0	3573179	3573179	3573179	1.0	1.0	174	174	174
gsa_pooled	denovo13136.0	denovo13136.0	1.0	1.0	2928703	2928703	2928703	1.0	1.0	203	203	203
gsa_pooled	denovo8389.0	denovo8389.0	1.0	1.0	6060854	6060854	6060854	1.0	1.0	65	65	65
gsa_pooled	184925.0	184925.0	1.0	1.0	3943675	3943675	3943675	1.0	1.0	105	105	105
gsa_pooled	denovo4382.1	denovo4382.1	1.0	1.0	2310085	2310085	2310085	1.0	1.0	111	111	111
gsa_pooled	denovo5454.0	denovo5454.0	1.0	1.0	3161258	3161258	3161258	1.0	1.0	177	177	177
gsa_pooled	195123.1	195123.1	1.0	1.0	4429169	4429169	4429169	1.0	1.0	110	110	110
gsa_pooled	261114.0	261114.0	1.0	1.0	2168944	2168944	2168944	1.0	1.0	10	10	10
gsa_pooled	denovo4967.0	denovo4967.0	1.0	1.0	2479476	2479476	2479476	1.0	1.0	314	314	314
gsa_pooled	289315.1	289315.1	1.0	1.0	2591084	2591084	2591084	1.0	1.0	25	25	25
gsa_pooled	269828.0	269828.0	1.0	1.0	2514298	2514298	2514298	1.0	1.0	22	22	22
gsa_pooled	291950.0	291950.0	1.0	1.0	3713365	3713365	3713365	1.0	1.0	39	39	39
gsa_pooled	269058.0	269058.0	1.0	1.0	2879019	2879019	2879019	1.0	1.0	120	120	120
gsa_pooled	denovo10718.0	denovo10718.0	1.0	1.0	3283499	3283499	3283499	1.0	1.0	269	269	269
gsa_pooled	460611.0	460611.0	1.0	1.0	4661911	4661911	4661911	1.0	1.0	91	91	91
gsa_pooled	denovo1719.0	denovo1719.0	1.0	1.0	4715171	4715171	4715171	1.0	1.0	53	53	53
gsa_pooled	179464.1	179464.1	1.0	1.0	2247166	2247166	2247166	1.0	1.0	149	149	149
gsa_pooled	1931575.0	1931575.0	1.0	1.0	5969321	5969321	5969321	1.0	1.0	72	72	72
gsa_pooled	4442899.0	4442899.0	1.0	1.0	3179077	3179077	3179077	1.0	1.0	274	274	274
gsa_pooled	denovo5418.0	denovo5418.0	1.0	1.0	3605738	3605738	3605738	1.0	1.0	158	158	158
gsa_pooled	1108078.0	1108078.0	1.0	1.0	2908722	2908722	2908722	1.0	1.0	36	36	36
gsa_pooled	289627.0	289627.0	1.0	1.0	1816843	1816843	1816843	1.0	1.0	221	221	221
gsa_pooled	4443094.0	4443094.0	1.0	1.0	6121277	6121277	6121277	1.0	1.0	94	94	94
gsa_pooled	denovo10679.0	denovo10679.0	1.0	1.0	2277588	2277588	2277588	1.0	1.0	329	329	329
gsa_pooled	181719.1	181719.1	1.0	1.0	4916660	4916660	4916660	1.0	1.0	105	105	105
gsa_pooled	4402042.0	4402042.0	1.0	1.0	6627992	6627992	6627992	1.0	1.0	126	126	126
gsa_pooled	denovo3683.0	denovo3683.0	1.0	1.0	3601509	3601509	3601509	1.0	1.0	198	198	198
gsa_pooled	175333.0	175333.0	1.0	1.0	2221426	2221426	2221426	1.0	1.0	47	47	47
gsa_pooled	4449984.1	4449984.1	1.0	1.0	2096834	2096834	2096834	1.0	1.0	55	55	55
gsa_pooled	denovo159.0	denovo159.0	1.0	1.0	2542294	2542294	2542294	1.0	1.0	303	303	303
gsa_pooled	1889556.0	1889556.0	1.0	1.0	3848869	3848869	3848869	1.0	1.0	114	114	114
gsa_pooled	4417539.0	4417539.0	1.0	1.0	2402624	2402624	2402624	1.0	1.0	35	35	35
gsa_pooled	denovo11386.0	denovo11386.0	1.0	1.0	2013559	2013559	2013559	1.0	1.0	617	617	617
gsa_pooled	268844.1	268844.1	1.0	1.0	3550872	3550872	3550872	1.0	1.0	114	114	114
gsa_pooled	denovo9909.0	denovo9909.0	1.0	1.0	3214653	3214653	3214653	1.0	1.0	25	25	25
gsa_pooled	174573.0	174573.0	1.0	1.0	2109026	2109026	2109026	1.0	1.0	196	196	196
gsa_pooled	4334624.0	4334624.0	1.0	1.0	3619595	3619595	3619595	1.0	1.0	68	68	68
gsa_pooled	denovo7195.0	denovo7195.0	1.0	1.0	6750183	6750183	6750183	1.0	1.0	97	97	97
gsa_pooled	4327881.0	4327881.0	1.0	1.0	4215996	4215996	4215996	1.0	1.0	32	32	32
gsa_pooled	denovo8298.1	denovo8298.1	1.0	1.0	2728188	2728188	2728188	1.0	1.0	62	62	62
gsa_pooled	381666.0	381666.0	1.0	1.0	3754188	3754188	3754188	1.0	1.0	24	24	24
gsa_pooled	192598.0	192598.0	1.0	1.0	3376141	3376141	3376141	1.0	1.0	10	10	10
gsa_pooled	denovo10014.0	denovo10014.0	1.0	1.0	4403355	4403355	4403355	1.0	1.0	40	40	40
gsa_pooled	189840.0	189840.0	1.0	1.0	3126949	3126949	3126949	1.0	1.0	29	29	29
gsa_pooled	denovo8803.0	denovo8803.0	1.0	1.0	2632348	2632348	2632348	1.0	1.0	7	7	7
gsa_pooled	191325.0	191325.0	1.0	1.0	6366881	6366881	6366881	1.0	1.0	19	19	19
gsa_pooled	1107652.0	1107652.0	1.0	1.0	3488169	3488169	3488169	1.0	1.0	22	22	22
gsa_pooled	2897325.0	2897325.0	1.0	1.0	3544193	3544193	3544193	1.0	1.0	28	28	28
gsa_pooled	187233.0	187233.0	1.0	1.0	3138669	3138669	3138669	1.0	1.0	5	5	5
gsa_pooled	318732.1	318732.1	1.0	1.0	6848608	6848608	6848608	1.0	1.0	31	31	31
gsa_pooled	denovo12532.0	denovo12532.0	1.0	1.0	1718921	1718921	1718921	1.0	1.0	7	7	7
gsa_pooled	denovo3535.0	denovo3535.0	1.0	1.0	2480236	2480236	2480236	1.0	1.0	3	3	3
gsa_pooled	727945.0	727945.0	1.0	1.0	2283941	2283941	2283941	1.0	1.0	25	25	25
gsa_pooled	70830.0	70830.0	1.0	1.0	2891820	2891820	2891820	1.0	1.0	10	10	10
gsa_pooled	10512.0	10512.0	1.0	1.0	1718984	1718984	1718984	1.0	1.0	4	4	4
gsa_pooled	197875.0	197875.0	1.0	1.0	2218221	2218221	2218221	1.0	1.0	9	9	9
gsa_pooled	denovo9703.0	denovo9703.0	1.0	1.0	2463783	2463783	2463783	1.0	1.0	1	1	1
gsa_pooled	1992.0	1992.0	1.0	1.0	6475294	6475294	6475294	1.0	1.0	1	1	1
gsa_pooled	4365109.0	4365109.0	1.0	1.0	6614008	6614008	6614008	1.0	1.0	2	2	2
gsa_pooled	258485.0	258485.0	1.0	1.0	2469311	2469311	2469311	1.0	1.0	1	1	1
gsa_pooled	4471135.0	4471135.0	1.0	1.0	4714203	4714203	4714203	1.0	1.0	1	1	1
gsa_pooled	2883968.1	2883968.1	1.0	1.0	3802838	3802838	3802838	1.0	1.0	1	1	1
gsa_pooled	184451.0	184451.0	1.0	1.0	2757946	2757946	2757946	1.0	1.0	21	21	21
gsa_pooled	3265889.0	3265889.0	1.0	1.0	2782452	2782452	2782452	1.0	1.0	11	11	11
gsa_pooled	271230.0	271230.0	1.0	1.0	2307818	2307818	2307818	1.0	1.0	20	20	20
gsa_pooled	262642.0	262642.0	1.0	1.0	2708699	2708699	2708699	1.0	1.0	63	63	63
gsa_pooled	denovo4507.0	denovo4507.0	1.0	1.0	3263577	3263577	3263577	1.0	1.0	4	4	4
gsa_pooled	831178.0	831178.0	1.0	1.0	5364877	5364877	5364877	1.0	1.0	49	49	49
gsa_pooled	denovo8847.0	denovo8847.0	1.0	1.0	3817319	3817319	3817319	1.0	1.0	39	39	39
gsa_pooled	denovo1211.0	denovo1211.0	1.0	1.0	2829045	2829045	2829045	1.0	1.0	52	52	52
gsa_pooled	455671.0	455671.0	1.0	1.0	2459094	2459094	2459094	1.0	1.0	4	4	4
gsa_pooled	665703.0	665703.0	1.0	1.0	3026180	3026180	3026180	1.0	1.0	35	35	35
gsa_pooled	1684221.0	1684221.0	1.0	1.0	4587306	4587306	4587306	1.0	1.0	36	36	36
gsa_pooled	denovo2511.0	denovo2511.0	1.0	1.0	2668374	2668374	2668374	1.0	1.0	84	84	84
gsa_pooled	196664.0	196664.0	1.0	1.0	4890063	4890063	4890063	1.0	1.0	68	68	68
gsa_pooled	164237.0	164237.0	1.0	1.0	2944276	2944276	2944276	1.0	1.0	12	12	12
gsa_pooled	187028.0	187028.0	1.0	1.0	2362816	2362816	2362816	1.0	1.0	45	45	45
gsa_pooled	4372003.0	4372003.0	1.0	1.0	6741325	6741325	6741325	1.0	1.0	18	18	18
gsa_pooled	4378740.0	4378740.0	1.0	1.0	3134147	3134147	3134147	1.0	1.0	54	54	54
gsa_pooled	denovo7143.0	denovo7143.0	1.0	1.0	4623705	4623705	4623705	1.0	1.0	22	22	22
gsa_pooled	denovo4594.1	denovo4594.1	1.0	1.0	2447994	2447994	2447994	1.0	1.0	38	38	38
gsa_pooled	260456.0	260456.0	1.0	1.0	4515270	4515270	4515270	1.0	1.0	59	59	59
gsa_pooled	168517.0	168517.0	1.0	1.0	2470533	2470533	2470533	1.0	1.0	4	4	4
gsa_pooled	319219.0	319219.0	1.0	1.0	6042779	6042779	6042779	1.0	1.0	27	27	27
gsa_pooled	269378.0	269378.0	1.0	1.0	3006092	3006092	3006092	1.0	1.0	38	38	38
gsa_pooled	180879.0	180879.0	1.0	1.0	3172675	3172675	3172675	1.0	1.0	26	26	26
gsa_pooled	3997242.0	3997242.0	1.0	1.0	7084497	7084497	7084497	1.0	1.0	15	15	15
gsa_pooled	637934.0	637934.0	1.0	1.0	5817203	5817203	5817203	1.0	1.0	2	2	2
gsa_pooled	177917.0	177917.0	1.0	1.0	2339839	2339839	2339839	1.0	1.0	2	2	2
gsa_pooled	827592.1	827592.1	1.0	1.0	2974268	2974268	2974268	1.0	1.0	4	4	4
gsa_pooled	denovo1874.0	denovo1874.0	1.0	1.0	6293375	6293375	6293375	1.0	1.0	2	2	2
gsa_pooled	1871227.0	1871227.0	1.0	1.0	1752865	1752865	1752865	1.0	1.0	1	1	1
gsa_pooled	192316.1	192316.1	1.0	1.0	2476166	2476166	2476166	1.0	1.0	1	1	1
gsa_pooled	133892.0	133892.0	1.0	1.0	1887238	1887238	1887238	1.0	1.0	1	1	1
gsa_pooled	573135.0	573135.0	1.0	1.0	7909964	7909964	7909964	1.0	1.0	1	1	1
gsa_pooled	denovo883.0	denovo883.0	1.0	1.0	2736255	2736255	2736255	1.0	1.0	3	3	3
gsa_pooled	133719.0	133719.0	1.0	1.0	3035550	3035550	3035550	1.0	1.0	1	1	1
gsa_pooled	4449518.0	4449518.0	1.0	1.0	3734239	3734239	3734239	1.0	1.0	1	1	1
gsa_pooled	463794.0	463794.0	1.0	1.0	2316463	2316463	2316463	1.0	1.0	3	3	3
gsa_pooled	228730.1	228730.1	1.0	1.0	2372490	2372490	2372490	1.0	1.0	1	1	1
gsa_pooled	166664.0	166664.0	1.0	1.0	3449669	3449669	3449669	1.0	1.0	1	1	1
gsa_pooled	denovo10506.0	denovo10506.0	1.0	1.0	3338573	3338573	3338573	1.0	1.0	2	2	2
gsa_pooled	822112.0	822112.0	1.0	1.0	4916615	4916615	4916615	1.0	1.0	1	1	1
gsa_pooled	304047.0	304047.0	1.0	1.0	4902213	4902213	4902213	1.0	1.0	2	2	2
gsa_pooled	denovo3498.0	denovo3498.0	1.0	1.0	2367016	2367016	2367016	1.0	1.0	1	1	1
gsa_pooled	269125.0	269125.0	1.0	1.0	3005040	3005040	3005040	1.0	1.0	1	1	1
gsa_pooled	193680.0	193680.0	1.0	1.0	5128335	5128335	5128335	1.0	1.0	1	1	1
gsa_pooled	denovo8002.0	denovo8002.0	1.0	1.0	2343469	2343469	2343469	1.0	1.0	1	1	1
gsa_pooled	276629.0	276629.0	1.0	1.0	2441662	2441662	2441662	1.0	1.0	1	1	1
gsa_pooled	4312974.0	4312974.0	1.0	1.0	2949892	2949892	2949892	1.0	1.0	3	3	3
gsa_pooled	344828.0	344828.0	1.0	1.0	2115674	2115674	2115674	1.0	1.0	1	1	1
gsa_pooled	405780.0	405780.0	1.0	1.0	3008574	3008574	3008574	1.0	1.0	1	1	1
gsa_pooled	denovo12370.0	denovo12370.0	1.0	1.0	2737247	2737247	2737247	1.0	1.0	2	2	2
gsa_pooled	185222.0	185222.0	1.0	1.0	4150294	4150294	4150294	1.0	1.0	2	2	2
gsa_pooled	4094866.0	4094866.0	1.0	1.0	3120389	3120389	3120389	1.0	1.0	1	1	1
gsa_pooled	375106.0	375106.0	1.0	1.0	2914865	2914865	2914865	1.0	1.0	10	10	10
gsa_pooled	4394913.0	4394913.0	1.0	1.0	3715371	3715371	3715371	1.0	1.0	8	8	8
gsa_pooled	denovo389.0	denovo389.0	1.0	1.0	1978257	1978257	1978257	1.0	1.0	3	3	3
gsa_pooled	229455.0	229455.0	1.0	1.0	4068710	4068710	4068710	1.0	1.0	1	1	1
gsa_pooled	832848.0	832848.0	1.0	1.0	2701449	2701449	2701449	1.0	1.0	17	17	17
gsa_pooled	denovo8298.0	denovo8298.0	1.0	1.0	3554852	3554852	3554852	1.0	1.0	1	1	1
gsa_pooled	denovo8255.1	denovo8255.1	1.0	1.0	1784852	1784852	1784852	1.0	1.0	10	10	10
gsa_pooled	1571092.0	1571092.0	1.0	1.0	2768794	2768794	2768794	1.0	1.0	6	6	6
gsa_pooled	denovo10721.0	denovo10721.0	1.0	1.0	2186353	2186353	2186353	1.0	1.0	1	1	1
gsa_pooled	denovo10394.0	denovo10394.0	1.0	1.0	3287872	3287872	3287872	1.0	1.0	2	2	2
gsa_pooled	827592.0	827592.0	1.0	1.0	4897674	4897674	4897674	1.0	1.0	1	1	1
gsa_pooled	denovo9521.0	denovo9521.0	1.0	1.0	3168267	3168267	3168267	1.0	1.0	2	2	2
gsa_pooled	190673.0	190673.0	1.0	1.0	2353514	2353514	2353514	1.0	1.0	1	1	1
gsa_pooled	denovo8648.0	denovo8648.0	1.0	1.0	1787666	1787666	1787666	1.0	1.0	3	3	3
gsa_pooled	1995182.0	1995182.0	1.0	1.0	1991959	1991959	1991959	1.0	1.0	1	1	1
gsa_pooled	181719.0	181719.0	1.0	1.0	5310989	5310989	5310989	1.0	1.0	2	2	2
gsa_pooled	463794.1	463794.1	1.0	1.0	2058319	2058319	2058319	1.0	1.0	1	1	1
gsa_pooled	191318.0	191318.0	1.0	1.0	4847588	4847588	4847588	1.0	1.0	1	1	1
gsa_pooled	192673.0	192673.0	1.0	1.0	7225337	7225337	7225337	1.0	1.0	1	1	1
gsa_pooled	4405128.0	4405128.0	1.0	1.0	3782947	3782947	3782947	1.0	1.0	1	1	1
gsa_pooled	1141335.0	1141335.0	1.0	1.0	1607564	1607564	1607564	1.0	1.0	2	2	2
gsa_pooled	335965.0	335965.0	1.0	1.0	2806841	2806841	2806841	1.0	1.0	10	10	10
gsa_pooled	3154070.0	3154070.0	1.0	1.0	5705717	5705717	5705717	1.0	1.0	50	50	50
gsa_pooled	denovo11993.0	denovo11993.0	1.0	1.0	2429698	2429698	2429698	1.0	1.0	78	78	78
gsa_pooled	4336940.0	4336940.0	1.0	1.0	3673634	3673634	3673634	1.0	1.0	43	43	43
gsa_pooled	denovo10559.0	denovo10559.0	1.0	1.0	2130165	2130165	2130165	1.0	1.0	100	100	100
gsa_pooled	denovo4456.1	denovo4456.1	1.0	1.0	3331309	3331309	3331309	1.0	1.0	25	25	25
gsa_pooled	denovo2819.0	denovo2819.0	1.0	1.0	3311720	3311720	3311720	1.0	1.0	63	63	63
gsa_pooled	denovo8025.0	denovo8025.0	1.0	1.0	6752047	6752047	6752047	1.0	1.0	93	93	93
gsa_pooled	4340358.0	4340358.0	1.0	1.0	5489962	5489962	5489962	1.0	1.0	150	150	150
gsa_pooled	181344.0	181344.0	1.0	1.0	2508993	2508993	2508993	1.0	1.0	15	15	15
gsa_pooled	4421276.0	4421276.0	1.0	1.0	2527435	2527435	2527435	1.0	1.0	161	161	161
gsa_pooled	348376.1	348376.1	1.0	1.0	2908325	2908325	2908325	1.0	1.0	121	121	121
gsa_pooled	193418.1	193418.1	1.0	1.0	4904562	4904562	4904562	1.0	1.0	25	25	25
gsa_pooled	344525.0	344525.0	1.0	1.0	6217309	6217309	6217309	1.0	1.0	20	20	20
gsa_pooled	178546.0	178546.0	1.0	1.0	2149148	2149148	2149148	1.0	1.0	119	119	119
gsa_pooled	10518.0	10518.0	1.0	1.0	3781463	3781463	3781463	1.0	1.0	89	89	89
gsa_pooled	315496.0	315496.0	1.0	1.0	3112221	3112221	3112221	1.0	1.0	37	37	37
gsa_pooled	184966.0	184966.0	1.0	1.0	5128746	5128746	5128746	1.0	1.0	1	1	1
gsa_pooled	188610.0	188610.0	1.0	1.0	3618925	3618925	3618925	1.0	1.0	124	124	124
gsa_pooled	330296.0	330296.0	1.0	1.0	5009061	5009061	5009061	1.0	1.0	81	81	81
gsa_pooled	4365130.0	4365130.0	1.0	1.0	5112862	5112862	5112862	1.0	1.0	96	96	96
gsa_pooled	270030.0	270030.0	1.0	1.0	3636839	3636839	3636839	1.0	1.0	55	55	55
gsa_pooled	308734.0	308734.0	1.0	1.0	4040511	4040511	4040511	1.0	1.0	14	14	14
gsa_pooled	4315396.0	4315396.0	1.0	1.0	1965027	1965027	1965027	1.0	1.0	32	32	32
gsa_pooled	833816.0	833816.0	1.0	1.0	4252166	4252166	4252166	1.0	1.0	65	65	65
gsa_pooled	259846.0	259846.0	1.0	1.0	3061211	3061211	3061211	1.0	1.0	37	37	37
gsa_pooled	3265889.1	3265889.1	1.0	1.0	3101330	3101330	3101330	1.0	1.0	32	32	32
gsa_pooled	259983.0	259983.0	1.0	1.0	2894541	2894541	2894541	1.0	1.0	19	19	19
gsa_pooled	4401580.0	4401580.0	1.0	1.0	5225406	5225406	5225406	1.0	1.0	85	85	85
gsa_pooled	denovo420.0	denovo420.0	1.0	1.0	2519588	2519588	2519588	1.0	1.0	16	16	16
gsa_pooled	261277.0	261277.0	1.0	1.0	4246557	4246557	4246557	1.0	1.0	87	87	87
gsa_pooled	609589.0	609589.0	1.0	1.0	4211357	4211357	4211357	1.0	1.0	84	84	84
gsa_pooled	3957916.0	3957916.0	1.0	1.0	3602542	3602542	3602542	1.0	1.0	32	32	32
gsa_pooled	310407.0	310407.0	1.0	1.0	4737895	4737895	4737895	1.0	1.0	68	68	68
gsa_pooled	193680.1	193680.1	1.0	1.0	2605605	2605605	2605605	1.0	1.0	48	48	48
gsa_pooled	340960.0	340960.0	1.0	1.0	2120568	2120568	2120568	1.0	1.0	83	83	83
gsa_pooled	263687.0	263687.0	1.0	1.0	3659462	3659462	3659462	1.0	1.0	47	47	47
gsa_pooled	835900.0	835900.0	1.0	1.0	3753279	3753279	3753279	1.0	1.0	41	41	41
gsa_pooled	192316.0	192316.0	1.0	1.0	2345016	2345016	2345016	1.0	1.0	154	154	154
gsa_pooled	3327894.1	3327894.1	1.0	1.0	6970780	6970780	6970780	1.0	1.0	149	149	149
gsa_pooled	168984.0	168984.0	1.0	1.0	4438047	4438047	4438047	1.0	1.0	53	53	53
gsa_pooled	263171.0	263171.0	1.0	1.0	7063848	7063848	7063848	1.0	1.0	125	125	125
gsa_pooled	denovo4607.0	denovo4607.0	1.0	1.0	3041784	3041784	3041784	1.0	1.0	31	31	31
gsa_pooled	denovo8701.0	denovo8701.0	1.0	1.0	6669532	6669532	6669532	1.0	1.0	92	92	92
gsa_pooled	4381553.1	4381553.1	1.0	1.0	5959008	5959008	5959008	1.0	1.0	132	132	132
gsa_pooled	272949.0	272949.0	1.0	1.0	3436894	3436894	3436894	1.0	1.0	90	90	90
gsa_pooled	4480176.0	4480176.0	1.0	1.0	3050473	3050473	3050473	1.0	1.0	100	100	100
gsa_pooled	179513.0	179513.0	1.0	1.0	3249395	3249395	3249395	1.0	1.0	91	91	91
gsa_pooled	denovo4118.0	denovo4118.0	1.0	1.0	28837	28837	28837	1.0	1.0	119	119	119
gsa_pooled	denovo4635.0	denovo4635.0	1.0	1.0	1950263	1950263	1950263	1.0	1.0	66	66	66
gsa_pooled	169845.0	169845.0	1.0	1.0	5050777	5050777	5050777	1.0	1.0	50	50	50
gsa_pooled	167509.0	167509.0	1.0	1.0	4429698	4429698	4429698	1.0	1.0	43	43	43
gsa_pooled	136633.0	136633.0	1.0	1.0	3719974	3719974	3719974	1.0	1.0	64	64	64
gsa_pooled	132929.0	132929.0	1.0	1.0	3500613	3500613	3500613	1.0	1.0	10	10	10
gsa_pooled	190114.0	190114.0	1.0	1.0	3247436	3247436	3247436	1.0	1.0	56	56	56
gsa_pooled	267406.0	267406.0	1.0	1.0	2966100	2966100	2966100	1.0	1.0	55	55	55
gsa_pooled	denovo5363.0	denovo5363.0	1.0	1.0	7697590	7697590	7697590	1.0	1.0	23	23	23
gsa_pooled	146564.1	146564.1	1.0	1.0	3802156	3802156	3802156	1.0	1.0	27	27	27
gsa_pooled	4440624.0	4440624.0	1.0	1.0	3270487	3270487	3270487	1.0	1.0	17	17	17
gsa_pooled	193418.0	193418.0	1.0	1.0	3782154	3782154	3782154	1.0	1.0	23	23	23
gsa_pooled	179616.0	179616.0	1.0	1.0	3231267	3231267	3231267	1.0	1.0	70	70	70
gsa_pooled	174824.0	174824.0	1.0	1.0	4089826	4089826	4089826	1.0	1.0	75	75	75
gsa_pooled	267406.1	267406.1	1.0	1.0	3236141	3236141	3236141	1.0	1.0	67	67	67
gsa_pooled	318764.0	318764.0	1.0	1.0	1540133	1540133	1540133	1.0	1.0	113	113	113
gsa_pooled	192222.0	192222.0	1.0	1.0	3553494	3553494	3553494	1.0	1.0	13	13	13
gsa_pooled	194787.0	194787.0	1.0	1.0	2897470	2897470	2897470	1.0	1.0	25	25	25
gsa_pooled	denovo4594.0	denovo4594.0	1.0	1.0	1562613	1562613	1562613	1.0	1.0	51	51	51
gsa_pooled	194490.0	194490.0	1.0	1.0	3864555	3864555	3864555	1.0	1.0	32	32	32
gsa_pooled	4351214.0	4351214.0	1.0	1.0	2722988	2722988	2722988	1.0	1.0	37	37	37
gsa_pooled	354971.0	354971.0	1.0	1.0	3712998	3712998	3712998	1.0	1.0	32	32	32
gsa_pooled	2883968.0	2883968.0	1.0	1.0	3631720	3631720	3631720	1.0	1.0	38	38	38
gsa_pooled	1135084.1	1135084.1	1.0	1.0	5415777	5415777	5415777	1.0	1.0	25	25	25
gsa_pooled	172640.0	172640.0	1.0	1.0	3198505	3198505	3198505	1.0	1.0	77	77	77
gsa_pooled	denovo9105.0	denovo9105.0	1.0	1.0	5012999	5012999	5012999	1.0	1.0	29	29	29
gsa_pooled	47365.0	47365.0	1.0	1.0	2354088	2354088	2354088	1.0	1.0	3	3	3
gsa_pooled	342685.0	342685.0	1.0	1.0	3006990	3006990	3006990	1.0	1.0	1	1	1
gsa_pooled	182764.0	182764.0	1.0	1.0	2011333	2011333	2011333	1.0	1.0	3	3	3
gsa_pooled	191948.0	191948.0	1.0	1.0	2771795	2771795	2771795	1.0	1.0	16	16	16
gsa_pooled	303652.0	303652.0	1.0	1.0	1988938	1988938	1988938	1.0	1.0	57	57	57
gsa_pooled	denovo13353.0	denovo13353.0	1.0	1.0	748813	748813	748813	1.0	1.0	62	62	62
gsa_pooled	136604.0	136604.0	1.0	1.0	4315063	4315063	4315063	1.0	1.0	68	68	68
gsa_pooled	denovo3050.0	denovo3050.0	1.0	1.0	2210069	2210069	2210069	1.0	1.0	151	151	151
gsa_pooled	denovo6811.0	denovo6811.0	1.0	1.0	2015195	2015195	2015195	1.0	1.0	80	80	80
gsa_pooled	denovo717.1	denovo717.1	1.0	1.0	1974105	1974105	1974105	1.0	1.0	65	65	65
gsa_pooled	1109559.0	1109559.0	1.0	1.0	3028753	3028753	3028753	1.0	1.0	94	94	94
gsa_pooled	denovo9767.0	denovo9767.0	1.0	1.0	3909028	3909028	3909028	1.0	1.0	41	41	41
gsa_pooled	999986.0	999986.0	1.0	1.0	2670938	2670938	2670938	1.0	1.0	70	70	70
gsa_pooled	4444771.1	4444771.1	1.0	1.0	3424265	3424265	3424265	1.0	1.0	171	171	171
gsa_pooled	373939.0	373939.0	1.0	1.0	1873895	1873895	1873895	1.0	1.0	41	41	41
gsa_pooled	181961.0	181961.0	1.0	1.0	2888430	2888430	2888430	1.0	1.0	24	24	24
gsa_pooled	4387250.0	4387250.0	1.0	1.0	5309641	5309641	5309641	1.0	1.0	21	21	21
gsa_pooled	denovo5303.0	denovo5303.0	1.0	1.0	1895055	1895055	1895055	1.0	1.0	49	49	49
gsa_pooled	134065.1	134065.1	1.0	1.0	3477299	3477299	3477299	1.0	1.0	26	26	26
gsa_pooled	134065.0	134065.0	1.0	1.0	3715067	3715067	3715067	1.0	1.0	37	37	37
gsa_pooled	340139.0	340139.0	1.0	1.0	4223082	4223082	4223082	1.0	1.0	35	35	35
gsa_pooled	262326.1	262326.1	1.0	1.0	3474953	3474953	3474953	1.0	1.0	25	25	25
gsa_pooled	3486634.0	3486634.0	1.0	1.0	5964508	5964508	5964508	1.0	1.0	83	83	83
gsa_pooled	730939.1	730939.1	1.0	1.0	3241408	3241408	3241408	1.0	1.0	29	29	29
gsa_pooled	170328.0	170328.0	1.0	1.0	4402413	4402413	4402413	1.0	1.0	37	37	37
gsa_pooled	269546.0	269546.0	1.0	1.0	5599748	5599748	5599748	1.0	1.0	981	981	981
gsa_pooled	denovo4456.0	denovo4456.0	1.0	1.0	101355	101355	101355	1.0	1.0	419	419	419
gsa_pooled	denovo12977.0	denovo12977.0	1.0	1.0	2998117	2998117	2998117	1.0	1.0	1225	1225	1225
gsa_pooled	denovo4139.0	denovo4139.0	1.0	1.0	2932871	2932871	2932871	1.0	1.0	2752	2752	2752
gsa_pooled	denovo8158.0	denovo8158.0	1.0	1.0	2587712	2587712	2587712	1.0	1.0	261	261	261
gsa_pooled	denovo329.0	denovo329.0	1.0	1.0	2532372	2532372	2532372	1.0	1.0	905	905	905
gsa_pooled	4460109.0	4460109.0	1.0	1.0	968567	968567	968567	1.0	1.0	3146	3146	3146
gsa_pooled	324894.0	324894.0	1.0	1.0	2948403	2948403	2948403	1.0	1.0	1629	1629	1629
gsa_pooled	denovo2181.1	denovo2181.1	1.0	1.0	1875190	1875190	1875190	1.0	1.0	3151	3151	3151
gsa_pooled	denovo1032.0	denovo1032.0	1.0	1.0	931575	931575	931575	1.0	1.0	3355	3355	3355
gsa_pooled	denovo9942.1	denovo9942.1	1.0	1.0	2102936	2102936	2102936	1.0	1.0	331	331	331
gsa_pooled	denovo3289.0	denovo3289.0	1.0	1.0	1713679	1713679	1713679	1.0	1.0	3249	3249	3249
gsa_pooled	denovo3492.0	denovo3492.0	1.0	1.0	3623806	3623806	3623806	1.0	1.0	1467	1467	1467
gsa_pooled	4449984.0	4449984.0	1.0	1.0	2009389	2009389	2009389	1.0	1.0	396	396	396
gsa_pooled	denovo10471.1	denovo10471.1	1.0	1.0	2204537	2204537	2204537	1.0	1.0	565	565	565
gsa_pooled	782953.0	782953.0	1.0	1.0	4973170	4973170	4973170	1.0	1.0	2902	2902	2902
gsa_pooled	denovo6615.1	denovo6615.1	1.0	1.0	5960475	5960475	5960475	1.0	1.0	1901	1901	1901
gsa_pooled	denovo193.0	denovo193.0	1.0	1.0	2822444	2822444	2822444	1.0	1.0	533	533	533
gsa_pooled	179838.0	179838.0	1.0	1.0	5160408	5160408	5160408	1.0	1.0	58	58	58
gsa_pooled	denovo1369.0	denovo1369.0	1.0	1.0	2412717	2412717	2412717	1.0	1.0	692	692	692
gsa_pooled	4339832.0	4339832.0	1.0	1.0	562945	562945	562945	1.0	1.0	2150	2150	2150
gsa_pooled	271185.1	271185.1	1.0	1.0	1559858	1559858	1559858	1.0	1.0	3280	3280	3280
gsa_pooled	denovo274.0	denovo274.0	1.0	1.0	6184189	6184189	6184189	1.0	1.0	817	817	817
gsa_pooled	4380294.0	4380294.0	1.0	1.0	6581050	6581050	6581050	1.0	1.0	89	89	89
gsa_pooled	4464113.1	4464113.1	1.0	1.0	3823636	3823636	3823636	1.0	1.0	915	915	915
gsa_pooled	denovo2227.1	denovo2227.1	1.0	1.0	908660	908660	908660	1.0	1.0	3340	3340	3340
gsa_pooled	837859.0	837859.0	1.0	1.0	2577670	2577670	2577670	1.0	1.0	986	986	986
gsa_pooled	268084.1	268084.1	1.0	1.0	6280125	6280125	6280125	1.0	1.0	1817	1817	1817
gsa_pooled	4304475.0	4304475.0	1.0	1.0	5234476	5234476	5234476	1.0	1.0	730	730	730
gsa_pooled	676211.1	676211.1	1.0	1.0	730039	730039	730039	1.0	1.0	2811	2811	2811
gsa_pooled	268084.0	268084.0	1.0	1.0	1656655	1656655	1656655	1.0	1.0	4368	4368	4368
gsa_pooled	denovo12694.0	denovo12694.0	1.0	1.0	3179246	3179246	3179246	1.0	1.0	2383	2383	2383
gsa_pooled	263828.0	263828.0	1.0	1.0	2905877	2905877	2905877	1.0	1.0	661	661	661
gsa_pooled	539647.0	539647.0	1.0	1.0	2141640	2141640	2141640	1.0	1.0	113	113	113
gsa_pooled	denovo10471.0	denovo10471.0	1.0	1.0	1786333	1786333	1786333	1.0	1.0	2223	2223	2223
gsa_pooled	denovo12746.0	denovo12746.0	1.0	1.0	5554118	5554118	5554118	1.0	1.0	3020	3020	3020
gsa_pooled	denovo7933.1	denovo7933.1	1.0	1.0	1490745	1490745	1490745	1.0	1.0	3882	3882	3882
gsa_pooled	170328.1	170328.1	1.0	1.0	3618916	3618916	3618916	1.0	1.0	2169	2169	2169
gsa_pooled	320224.0	320224.0	1.0	1.0	2770697	2770697	2770697	1.0	1.0	860	860	860
gsa_pooled	278098.0	278098.0	1.0	1.0	2969035	2969035	2969035	1.0	1.0	36	36	36
gsa_pooled	denovo2333.0	denovo2333.0	1.0	1.0	6773961	6773961	6773961	1.0	1.0	263	263	263
gsa_pooled	denovo5982.0	denovo5982.0	1.0	1.0	3549019	3549019	3549019	1.0	1.0	936	936	936
gsa_pooled	denovo1779.0	denovo1779.0	1.0	1.0	5244208	5244208	5244208	1.0	1.0	6016	6016	6016
gsa_pooled	4444771.0	4444771.0	1.0	1.0	4912416	4912416	4912416	1.0	1.0	942	942	942
gsa_pooled	192684.0	192684.0	1.0	1.0	4913717	4913717	4913717	1.0	1.0	3220	3220	3220
gsa_pooled	denovo5985.0	denovo5985.0	1.0	1.0	6954687	6954687	6954687	1.0	1.0	1870	1870	1870
gsa_pooled	denovo12065.0	denovo12065.0	1.0	1.0	172510	172510	172510	1.0	1.0	718	718	718
gsa_pooled	denovo902.1	denovo902.1	1.0	1.0	4035673	4035673	4035673	1.0	1.0	2842	2842	2842
gsa_pooled	264359.0	264359.0	1.0	1.0	3437500	3437500	3437500	1.0	1.0	2027	2027	2027
gsa_pooled	132338.0	132338.0	1.0	1.0	5280499	5280499	5280499	1.0	1.0	430	430	430
gsa_pooled	3016478.0	3016478.0	1.0	1.0	4189518	4189518	4189518	1.0	1.0	295	295	295
gsa_pooled	denovo256.0	denovo256.0	1.0	1.0	2539390	2539390	2539390	1.0	1.0	7652	7652	7652
gsa_pooled	180972.0	180972.0	1.0	1.0	4698948	4698948	4698948	1.0	1.0	82	82	82
gsa_pooled	denovo1032.1	denovo1032.1	1.0	1.0	3144438	3144438	3144438	1.0	1.0	1775	1775	1775
gsa_pooled	denovo11903.1	denovo11903.1	1.0	1.0	2670997	2670997	2670997	1.0	1.0	5245	5245	5245
gsa_pooled	264225.1	264225.1	1.0	1.0	5234561	5234561	5234561	1.0	1.0	1265	1265	1265
gsa_pooled	3600504.0	3600504.0	1.0	1.0	5444311	5444311	5444311	1.0	1.0	107	107	107
gsa_pooled	denovo7933.0	denovo7933.0	1.0	1.0	3163078	3163078	3163078	1.0	1.0	655	655	655
gsa_pooled	denovo4382.0	denovo4382.0	1.0	1.0	2023801	2023801	2023801	1.0	1.0	2058	2058	2058
gsa_pooled	170926.0	170926.0	1.0	1.0	4195768	4195768	4195768	1.0	1.0	40	40	40
gsa_pooled	denovo2417.0	denovo2417.0	1.0	1.0	6124244	6124244	6124244	1.0	1.0	442	442	442
gsa_pooled	denovo4995.0	denovo4995.0	1.0	1.0	3607056	3607056	3607056	1.0	1.0	1367	1367	1367
gsa_pooled	denovo3780.0	denovo3780.0	1.0	1.0	3247295	3247295	3247295	1.0	1.0	356	356	356
gsa_pooled	26608.0	26608.0	1.0	1.0	1685945	1685945	1685945	1.0	1.0	105	105	105
gsa_pooled	1106006.0	1106006.0	1.0	1.0	3807713	3807713	3807713	1.0	1.0	639	639	639
gsa_pooled	179927.0	179927.0	1.0	1.0	3039268	3039268	3039268	1.0	1.0	516	516	516
gsa_pooled	4443094.1	4443094.1	1.0	1.0	999341	999341	999341	1.0	1.0	3388	3388	3388
gsa_pooled	3377773.0	3377773.0	1.0	1.0	1632472	1632472	1632472	1.0	1.0	423	423	423
gsa_pooled	175529.1	175529.1	1.0	1.0	6313729	6313729	6313729	1.0	1.0	1399	1399	1399
gsa_pooled	denovo12645.0	denovo12645.0	1.0	1.0	3435029	3435029	3435029	1.0	1.0	2052	2052	2052
gsa_pooled	denovo11257.0	denovo11257.0	1.0	1.0	2735478	2735478	2735478	1.0	1.0	3902	3902	3902
gsa_pooled	318732.0	318732.0	1.0	1.0	6626198	6626198	6626198	1.0	1.0	1294	1294	1294
gsa_pooled	denovo10581.0	denovo10581.0	1.0	1.0	3503486	3503486	3503486	1.0	1.0	87	87	87
gsa_pooled	denovo3271.0	denovo3271.0	1.0	1.0	3426968	3426968	3426968	1.0	1.0	2949	2949	2949
gsa_pooled	denovo7784.0	denovo7784.0	1.0	1.0	1817423	1817423	1817423	1.0	1.0	1282	1282	1282
gsa_pooled	197644.1	197644.1	1.0	1.0	2018701	2018701	2018701	1.0	1.0	227	227	227
gsa_pooled	denovo7302.0	denovo7302.0	1.0	1.0	2666618	2666618	2666618	1.0	1.0	391	391	391
gsa_pooled	188299.0	188299.0	1.0	1.0	3294898	3294898	3294898	1.0	1.0	247	247	247
gsa_pooled	denovo10243.0	denovo10243.0	1.0	1.0	3876810	3876810	3876810	1.0	1.0	1471	1471	1471
gsa_pooled	262326.0	262326.0	1.0	1.0	4256098	4256098	4256098	1.0	1.0	90	90	90
gsa_pooled	denovo6433.0	denovo6433.0	1.0	1.0	6640252	6640252	6640252	1.0	1.0	3183	3183	3183
gsa_pooled	denovo5086.0	denovo5086.0	1.0	1.0	2787840	2787840	2787840	1.0	1.0	1647	1647	1647
gsa_pooled	233991.0	233991.0	1.0	1.0	2551421	2551421	2551421	1.0	1.0	2262	2262	2262
gsa_pooled	4256470.0	4256470.0	1.0	1.0	4893538	4893538	4893538	1.0	1.0	160	160	160
gsa_pooled	denovo3780.1	denovo3780.1	1.0	1.0	382549	382549	382549	1.0	1.0	1495	1495	1495
gsa_pooled	437137.0	437137.0	1.0	1.0	2347702	2347702	2347702	1.0	1.0	103	103	103
gsa_pooled	258485.1	258485.1	1.0	1.0	2254934	2254934	2254934	1.0	1.0	552	552	552
gsa_pooled	228730.0	228730.0	1.0	1.0	2021008	2021008	2021008	1.0	1.0	2735	2735	2735
gsa_pooled	denovo11841.0	denovo11841.0	1.0	1.0	3990942	3990942	3990942	1.0	1.0	2239	2239	2239
gsa_pooled	196664.1	196664.1	1.0	1.0	4659740	4659740	4659740	1.0	1.0	4472	4472	4472
gsa_pooled	denovo9644.0	denovo9644.0	1.0	1.0	2208576	2208576	2208576	1.0	1.0	1390	1390	1390
gsa_pooled	649107.0	649107.0	1.0	1.0	2874044	2874044	2874044	1.0	1.0	2270	2270	2270
gsa_pooled	172161.0	172161.0	1.0	1.0	432962	432962	432962	1.0	1.0	1759	1759	1759
gsa_pooled	299171.1	299171.1	1.0	1.0	3877030	3877030	3877030	1.0	1.0	5531	5531	5531
gsa_pooled	4413214.0	4413214.0	1.0	1.0	4838114	4838114	4838114	1.0	1.0	785	785	785
gsa_pooled	319134.0	319134.0	1.0	1.0	3867341	3867341	3867341	1.0	1.0	70	70	70
gsa_pooled	denovo8373.0	denovo8373.0	1.0	1.0	560348	560348	560348	1.0	1.0	2083	2083	2083
gsa_pooled	313069.1	313069.1	1.0	1.0	2751883	2751883	2751883	1.0	1.0	1573	1573	1573
gsa_pooled	191251.0	191251.0	1.0	1.0	5449698	5449698	5449698	1.0	1.0	3424	3424	3424
gsa_pooled	816702.0	816702.0	1.0	1.0	4847227	4847227	4847227	1.0	1.0	1509	1509	1509
gsa_pooled	denovo13303.0	denovo13303.0	1.0	1.0	5905389	5905389	5905389	1.0	1.0	5586	5586	5586
gsa_pooled	denovo9776.0	denovo9776.0	1.0	1.0	4234546	4234546	4234546	1.0	1.0	5009	5009	5009
gsa_pooled	denovo11906.0	denovo11906.0	1.0	1.0	6456510	6456510	6456510	1.0	1.0	536	536	536
gsa_pooled	denovo7014.0	denovo7014.0	1.0	1.0	2831598	2831598	2831598	1.0	1.0	3798	3798	3798
gsa_pooled	denovo8441.0	denovo8441.0	1.0	1.0	2774930	2774930	2774930	1.0	1.0	1731	1731	1731
gsa_pooled	denovo6615.0	denovo6615.0	1.0	1.0	2075666	2075666	2075666	1.0	1.0	3897	3897	3897
gsa_pooled	4378081.0	4378081.0	1.0	1.0	4425001	4425001	4425001	1.0	1.0	4202	4202	4202
gsa_pooled	denovo3940.0	denovo3940.0	1.0	1.0	2727262	2727262	2727262	1.0	1.0	1955	1955	1955
gsa_pooled	1135084.0	1135084.0	1.0	1.0	5403928	5403928	5403928	1.0	1.0	677	677	677
gsa_pooled	denovo4118.1	denovo4118.1	1.0	1.0	4137228	4137228	4137228	1.0	1.0	5492	5492	5492
gsa_pooled	160140.0	160140.0	1.0	1.0	1827471	1827471	1827471	1.0	1.0	5214	5214	5214
gsa_pooled	263834.0	263834.0	1.0	1.0	822488	822488	822488	1.0	1.0	2842	2842	2842
gsa_pooled	268099.0	268099.0	1.0	1.0	2106110	2106110	2106110	1.0	1.0	1504	1504	1504
gsa_pooled	denovo5426.0	denovo5426.0	1.0	1.0	2658759	2658759	2658759	1.0	1.0	3709	3709	3709
gsa_pooled	166664.1	166664.1	1.0	1.0	6637150	6637150	6637150	1.0	1.0	788	788	788
gsa_pooled	denovo4995.1	denovo4995.1	1.0	1.0	113046	113046	113046	1.0	1.0	465	465	465
gsa_pooled	denovo9776.1	denovo9776.1	1.0	1.0	1428752	1428752	1428752	1.0	1.0	3716	3716	3716
gsa_pooled	denovo256.1	denovo256.1	1.0	1.0	3623868	3623868	3623868	1.0	1.0	8187	8187	8187
gsa_pooled	315496.1	315496.1	1.0	1.0	2376587	2376587	2376587	1.0	1.0	5489	5489	5489
gsa_pooled	273954.0	273954.0	1.0	1.0	2685841	2685841	2685841	1.0	1.0	4610	4610	4610
gsa_pooled	denovo5886.0	denovo5886.0	1.0	1.0	516831	516831	516831	1.0	1.0	1918	1918	1918
gsa_pooled	denovo6995.0	denovo6995.0	1.0	1.0	3088360	3088360	3088360	1.0	1.0	4897	4897	4897
gsa_pooled	358007.1	358007.1	1.0	1.0	3557106	3557106	3557106	1.0	1.0	4520	4520	4520
gsa_pooled	denovo9564.0	denovo9564.0	1.0	1.0	4112597	4112597	4112597	1.0	1.0	134	134	134
gsa_pooled	denovo2874.0	denovo2874.0	1.0	1.0	2849823	2849823	2849823	1.0	1.0	1124	1124	1124
gsa_pooled	denovo3630.1	denovo3630.1	1.0	1.0	127099	127099	127099	1.0	1.0	522	522	522
gsa_pooled	245324.0	245324.0	1.0	1.0	2709909	2709909	2709909	1.0	1.0	2500	2500	2500
gsa_pooled	3327894.0	3327894.0	1.0	1.0	3483775	3483775	3483775	1.0	1.0	9750	9750	9750
gsa_pooled	denovo10697.1	denovo10697.1	1.0	1.0	1742063	1742063	1742063	1.0	1.0	3964	3964	3964
gsa_pooled	521982.1	521982.1	1.0	1.0	958578	958578	958578	1.0	1.0	3348	3348	3348
gsa_pooled	332732.1	332732.1	1.0	1.0	5226021	5226021	5226021	1.0	1.0	2029	2029	2029
gsa_pooled	denovo12326.0	denovo12326.0	1.0	1.0	2558582	2558582	2558582	1.0	1.0	3880	3880	3880
gsa_pooled	313431.0	313431.0	1.0	1.0	3541005	3541005	3541005	1.0	1.0	1725	1725	1725
gsa_pooled	4390319.1	4390319.1	1.0	1.0	5666959	5666959	5666959	1.0	1.0	11761	11761	11761
gsa_pooled	4464113.0	4464113.0	1.0	1.0	2029815	2029815	2029815	1.0	1.0	6823	6823	6823
gsa_pooled	358007.0	358007.0	1.0	1.0	2030540	2030540	2030540	1.0	1.0	3808	3808	3808
gsa_pooled	denovo2276.0	denovo2276.0	1.0	1.0	4770375	4770375	4770375	1.0	1.0	9353	9353	9353
gsa_pooled	denovo12307.0	denovo12307.0	1.0	1.0	2511850	2511850	2511850	1.0	1.0	4682	4682	4682
gsa_pooled	229455.1	229455.1	1.0	1.0	2936122	2936122	2936122	1.0	1.0	2371	2371	2371
gsa_pooled	denovo10769.0	denovo10769.0	1.0	1.0	4952765	4952765	4952765	1.0	1.0	3299	3299	3299
gsa_pooled	denovo2956.0	denovo2956.0	1.0	1.0	3915526	3915526	3915526	1.0	1.0	5420	5420	5420
gsa_pooled	195123.0	195123.0	1.0	1.0	2805437	2805437	2805437	1.0	1.0	7127	7127	7127
gsa_pooled	denovo13042.0	denovo13042.0	1.0	1.0	2596388	2596388	2596388	1.0	1.0	492	492	492
gsa_pooled	4439360.0	4439360.0	1.0	1.0	4602899	4602899	4602899	1.0	1.0	5373	5373	5373
gsa_pooled	denovo10247.0	denovo10247.0	1.0	1.0	4079170	4079170	4079170	1.0	1.0	6822	6822	6822
gsa_pooled	denovo9316.0	denovo9316.0	1.0	1.0	5683793	5683793	5683793	1.0	1.0	1675	1675	1675
gsa_pooled	4447072.1	4447072.1	1.0	1.0	161886	161886	161886	1.0	1.0	670	670	670
gsa_pooled	denovo6995.1	denovo6995.1	1.0	1.0	3285526	3285526	3285526	1.0	1.0	1789	1789	1789
gsa_pooled	denovo2990.1	denovo2990.1	1.0	1.0	2185915	2185915	2185915	1.0	1.0	6032	6032	6032
gsa_pooled	265912.0	265912.0	1.0	1.0	6481391	6481391	6481391	1.0	1.0	2246	2246	2246
gsa_pooled	325850.1	325850.1	1.0	1.0	176984	176984	176984	1.0	1.0	734	734	734
gsa_pooled	denovo1842.0	denovo1842.0	1.0	1.0	5964004	5964004	5964004	1.0	1.0	1534	1534	1534
gsa_pooled	denovo9337.0	denovo9337.0	1.0	1.0	5538593	5538593	5538593	1.0	1.0	4997	4997	4997
gsa_pooled	179464.0	179464.0	1.0	1.0	1968328	1968328	1968328	1.0	1.0	6393	6393	6393
gsa_pooled	denovo10694.0	denovo10694.0	1.0	1.0	2529722	2529722	2529722	1.0	1.0	830	830	830
gsa_pooled	263828.1	263828.1	1.0	1.0	765348	765348	765348	1.0	1.0	2819	2819	2819
gsa_pooled	348376.0	348376.0	1.0	1.0	2334054	2334054	2334054	1.0	1.0	5897	5897	5897
gsa_pooled	269125.1	269125.1	1.0	1.0	1721741	1721741	1721741	1.0	1.0	1872	1872	1872
gsa_pooled	146564.0	146564.0	1.0	1.0	2760023	2760023	2760023	1.0	1.0	5088	5088	5088
gsa_pooled	3563235.0	3563235.0	1.0	1.0	5978890	5978890	5978890	1.0	1.0	3807	3807	3807
gsa_pooled	denovo9942.0	denovo9942.0	1.0	1.0	431578	431578	431578	1.0	1.0	1645	1645	1645
gsa_pooled	denovo7794.0	denovo7794.0	1.0	1.0	2976052	2976052	2976052	1.0	1.0	6749	6749	6749
gsa_pooled	1111328.0	1111328.0	1.0	1.0	3261953	3261953	3261953	1.0	1.0	57	57	57
gsa_pooled	270984.0	270984.0	1.0	1.0	2044631	2044631	2044631	1.0	1.0	1050	1050	1050
gsa_pooled	denovo12065.1	denovo12065.1	1.0	1.0	6693232	6693232	6693232	1.0	1.0	5596	5596	5596
gsa_pooled	575041.0	575041.0	1.0	1.0	2375377	2375377	2375377	1.0	1.0	1935	1935	1935
gsa_pooled	4339832.1	4339832.1	1.0	1.0	2802368	2802368	2802368	1.0	1.0	4295	4295	4295
gsa_pooled	denovo10319.0	denovo10319.0	1.0	1.0	3844922	3844922	3844922	1.0	1.0	5013	5013	5013
gsa_pooled	denovo7794.1	denovo7794.1	1.0	1.0	4972603	4972603	4972603	1.0	1.0	109	109	109
gsa_pooled	denovo4399.0	denovo4399.0	1.0	1.0	5239864	5239864	5239864	1.0	1.0	3200	3200	3200
gsa_pooled	denovo10472.0	denovo10472.0	1.0	1.0	5240193	5240193	5240193	1.0	1.0	1233	1233	1233
gsa_pooled	denovo7720.0	denovo7720.0	1.0	1.0	2145127	2145127	2145127	1.0	1.0	946	946	946
gsa_pooled	4424327.0	4424327.0	1.0	1.0	4400042	4400042	4400042	1.0	1.0	165	165	165
gsa_pooled	denovo8828.0	denovo8828.0	1.0	1.0	2665122	2665122	2665122	1.0	1.0	2506	2506	2506
gsa_pooled	270448.0	270448.0	1.0	1.0	1414281	1414281	1414281	1.0	1.0	4584	4584	4584
gsa_pooled	denovo8798.0	denovo8798.0	1.0	1.0	5986406	5986406	5986406	1.0	1.0	2542	2542	2542
gsa_pooled	denovo1685.0	denovo1685.0	1.0	1.0	1638547	1638547	1638547	1.0	1.0	3076	3076	3076
gsa_pooled	4381553.0	4381553.0	1.0	1.0	2247991	2247991	2247991	1.0	1.0	7179	7179	7179
gsa_pooled	denovo717.0	denovo717.0	1.0	1.0	1538647	1538647	1538647	1.0	1.0	2787	2787	2787
gsa_pooled	denovo12305.0	denovo12305.0	1.0	1.0	2586345	2586345	2586345	1.0	1.0	915	915	915
gsa_pooled	268720.0	268720.0	1.0	1.0	3242153	3242153	3242153	1.0	1.0	574	574	574
gsa_pooled	denovo12698.0	denovo12698.0	1.0	1.0	2415343	2415343	2415343	1.0	1.0	2927	2927	2927
gsa_pooled	324894.1	324894.1	1.0	1.0	2561373	2561373	2561373	1.0	1.0	4626	4626	4626
gsa_pooled	denovo663.1	denovo663.1	1.0	1.0	2142224	2142224	2142224	1.0	1.0	2183	2183	2183
gsa_pooled	162576.0	162576.0	1.0	1.0	6223658	6223658	6223658	1.0	1.0	640	640	640
gsa_pooled	denovo7759.0	denovo7759.0	1.0	1.0	2339934	2339934	2339934	1.0	1.0	2858	2858	2858
gsa_pooled	denovo3637.0	denovo3637.0	1.0	1.0	2821122	2821122	2821122	1.0	1.0	2856	2856	2856
gsa_pooled	denovo12477.1	denovo12477.1	1.0	1.0	265743	265743	265743	1.0	1.0	1074	1074	1074
gsa_pooled	270730.0	270730.0	1.0	1.0	3763461	3763461	3763461	1.0	1.0	371	371	371
gsa_pooled	denovo3940.1	denovo3940.1	1.0	1.0	2589174	2589174	2589174	1.0	1.0	2682	2682	2682
gsa_pooled	denovo2280.0	denovo2280.0	1.0	1.0	1792745	1792745	1792745	1.0	1.0	129	129	129
gsa_pooled	45363.0	45363.0	1.0	1.0	3679080	3679080	3679080	1.0	1.0	25	25	25
gsa_pooled	denovo5363.1	denovo5363.1	1.0	1.0	6018987	6018987	6018987	1.0	1.0	496	496	496
gsa_pooled	denovo4069.0	denovo4069.0	1.0	1.0	4522926	4522926	4522926	1.0	1.0	98	98	98
gsa_pooled	332732.0	332732.0	1.0	1.0	1660026	1660026	1660026	1.0	1.0	6066	6066	6066
gsa_pooled	denovo6551.0	denovo6551.0	1.0	1.0	2214069	2214069	2214069	1.0	1.0	4280	4280	4280
gsa_pooled	312322.0	312322.0	1.0	1.0	2335248	2335248	2335248	1.0	1.0	118	118	118
gsa_pooled	521982.0	521982.0	1.0	1.0	3493851	3493851	3493851	1.0	1.0	1940	1940	1940
gsa_pooled	denovo2199.0	denovo2199.0	1.0	1.0	3967629	3967629	3967629	1.0	1.0	508	508	508
gsa_pooled	denovo3289.1	denovo3289.1	1.0	1.0	1634562	1634562	1634562	1.0	1.0	3314	3314	3314
gsa_pooled	180535.0	180535.0	1.0	1.0	2802290	2802290	2802290	1.0	1.0	71	71	71
gsa_pooled	261315.1	261315.1	1.0	1.0	27361	27361	27361	1.0	1.0	116	116	116
gsa_pooled	denovo7705.0	denovo7705.0	1.0	1.0	2032345	2032345	2032345	1.0	1.0	222	222	222
gsa_pooled	355440.0	355440.0	1.0	1.0	4360370	4360370	4360370	1.0	1.0	35	35	35
gsa_pooled	316381.0	316381.0	1.0	1.0	3563297	3563297	3563297	1.0	1.0	113	113	113
gsa_pooled	denovo6472.0	denovo6472.0	1.0	1.0	4701508	4701508	4701508	1.0	1.0	1303	1303	1303
gsa_pooled	299171.0	299171.0	1.0	1.0	3047699	3047699	3047699	1.0	1.0	114	114	114
gsa_pooled	174358.0	174358.0	1.0	1.0	4933484	4933484	4933484	1.0	1.0	141	141	141
gsa_pooled	denovo4376.0	denovo4376.0	1.0	1.0	6007470	6007470	6007470	1.0	1.0	97	97	97
gsa_pooled	denovo10393.0	denovo10393.0	1.0	1.0	3981297	3981297	3981297	1.0	1.0	272	272	272
gsa_pooled	178274.0	178274.0	1.0	1.0	2315062	2315062	2315062	1.0	1.0	119	119	119
gsa_pooled	denovo11716.0	denovo11716.0	1.0	1.0	2213716	2213716	2213716	1.0	1.0	321	321	321
gsa_pooled	180869.0	180869.0	1.0	1.0	2066136	2066136	2066136	1.0	1.0	42	42	42
gsa_pooled	1678333.0	1678333.0	1.0	1.0	3168885	3168885	3168885	1.0	1.0	179	179	179
gsa_pooled	3319464.0	3319464.0	1.0	1.0	1654835	1654835	1654835	1.0	1.0	109	109	109
gsa_pooled	619817.0	619817.0	1.0	1.0	4756139	4756139	4756139	1.0	1.0	1495	1495	1495
gsa_pooled	271880.0	271880.0	1.0	1.0	3760878	3760878	3760878	1.0	1.0	784	784	784
gsa_pooled	210073.0	210073.0	1.0	1.0	4251279	4251279	4251279	1.0	1.0	165	165	165
gsa_pooled	denovo1235.0	denovo1235.0	1.0	1.0	2514250	2514250	2514250	1.0	1.0	347	347	347
gsa_pooled	318503.1	318503.1	1.0	1.0	2397626	2397626	2397626	1.0	1.0	693	693	693
gsa_pooled	denovo2183.0	denovo2183.0	1.0	1.0	1881434	1881434	1881434	1.0	1.0	251	251	251
gsa_pooled	263992.0	263992.0	1.0	1.0	5924569	5924569	5924569	1.0	1.0	100	100	100
gsa_pooled	denovo4266.0	denovo4266.0	1.0	1.0	3762617	3762617	3762617	1.0	1.0	487	487	487
gsa_pooled	296045.0	296045.0	1.0	1.0	6609077	6609077	6609077	1.0	1.0	199	199	199
gsa_pooled	denovo265.0	denovo265.0	1.0	1.0	3433653	3433653	3433653	1.0	1.0	689	689	689
gsa_pooled	denovo1277.0	denovo1277.0	1.0	1.0	2754754	2754754	2754754	1.0	1.0	482	482	482
gsa_pooled	192777.0	192777.0	1.0	1.0	3254562	3254562	3254562	1.0	1.0	115	115	115
gsa_pooled	denovo11208.0	denovo11208.0	1.0	1.0	2725814	2725814	2725814	1.0	1.0	638	638	638
gsa_pooled	837859.1	837859.1	1.0	1.0	3290027	3290027	3290027	1.0	1.0	961	961	961
gsa_pooled	denovo4463.0	denovo4463.0	1.0	1.0	2933618	2933618	2933618	1.0	1.0	41	41	41
gsa_pooled	denovo9794.0	denovo9794.0	1.0	1.0	4292152	4292152	4292152	1.0	1.0	531	531	531
gsa_pooled	995147.0	995147.0	1.0	1.0	2244921	2244921	2244921	1.0	1.0	227	227	227
gsa_pooled	denovo902.0	denovo902.0	1.0	1.0	3407396	3407396	3407396	1.0	1.0	2164	2164	2164
gsa_pooled	denovo944.0	denovo944.0	1.0	1.0	2792501	2792501	2792501	1.0	1.0	64	64	64
gsa_pooled	164664.0	164664.0	1.0	1.0	2105348	2105348	2105348	1.0	1.0	433	433	433
gsa_pooled	denovo8255.0	denovo8255.0	1.0	1.0	2085185	2085185	2085185	1.0	1.0	184	184	184
gsa_pooled	318503.0	318503.0	1.0	1.0	4287641	4287641	4287641	1.0	1.0	1751	1751	1751
gsa_pooled	denovo9081.0	denovo9081.0	1.0	1.0	2029619	2029619	2029619	1.0	1.0	201	201	201
gsa_pooled	14094.0	14094.0	1.0	1.0	4377026	4377026	4377026	1.0	1.0	399	399	399
gsa_pooled	denovo1684.0	denovo1684.0	1.0	1.0	2180293	2180293	2180293	1.0	1.0	798	798	798
gsa_pooled	denovo8991.0	denovo8991.0	1.0	1.0	4492859	4492859	4492859	1.0	1.0	1294	1294	1294
gsa_pooled	649107.1	649107.1	1.0	1.0	6608911	6608911	6608911	1.0	1.0	210	210	210
gsa_pooled	denovo6432.0	denovo6432.0	1.0	1.0	3074013	3074013	3074013	1.0	1.0	80	80	80
gsa_pooled	194950.0	194950.0	1.0	1.0	4795240	4795240	4795240	1.0	1.0	893	893	893
gsa_pooled	denovo9496.0	denovo9496.0	1.0	1.0	3141862	3141862	3141862	1.0	1.0	321	321	321
gsa_pooled	336277.0	336277.0	1.0	1.0	3860742	3860742	3860742	1.0	1.0	316	316	316
gsa_pooled	182712.0	182712.0	1.0	1.0	3091089	3091089	3091089	1.0	1.0	80	80	80
gsa_pooled	denovo4538.0	denovo4538.0	1.0	1.0	6376197	6376197	6376197	1.0	1.0	1813	1813	1813
gsa_pooled	209377.0	209377.0	1.0	1.0	2248178	2248178	2248178	1.0	1.0	91	91	91
gsa_pooled	262258.0	262258.0	1.0	1.0	3363228	3363228	3363228	1.0	1.0	23	23	23
gsa_pooled	1678333.1	1678333.1	1.0	1.0	3812082	3812082	3812082	1.0	1.0	51	51	51
gsa_pooled	denovo4689.0	denovo4689.0	1.0	1.0	3441796	3441796	3441796	1.0	1.0	170	170	170
gsa_pooled	181717.0	181717.0	1.0	1.0	4161147	4161147	4161147	1.0	1.0	99	99	99
gsa_pooled	denovo9553.0	denovo9553.0	1.0	1.0	2170251	2170251	2170251	1.0	1.0	140	140	140
gsa_pooled	denovo4974.0	denovo4974.0	1.0	1.0	2533550	2533550	2533550	1.0	1.0	303	303	303
gsa_pooled	197696.0	197696.0	1.0	1.0	3094702	3094702	3094702	1.0	1.0	474	474	474
gsa_pooled	354913.0	354913.0	1.0	1.0	1789988	1789988	1789988	1.0	1.0	17	17	17
gsa_pooled	261373.0	261373.0	1.0	1.0	2426099	2426099	2426099	1.0	1.0	805	805	805
gsa_pooled	999986.1	999986.1	1.0	1.0	2851033	2851033	2851033	1.0	1.0	165	165	165
gsa_pooled	denovo4276.0	denovo4276.0	1.0	1.0	3395802	3395802	3395802	1.0	1.0	302	302	302
gsa_pooled	172161.1	172161.1	1.0	1.0	2530865	2530865	2530865	1.0	1.0	12	12	12
gsa_pooled	1109178.1	1109178.1	1.0	1.0	3526223	3526223	3526223	1.0	1.0	194	194	194
gsa_pooled	denovo8150.0	denovo8150.0	1.0	1.0	3393244	3393244	3393244	1.0	1.0	281	281	281
gsa_pooled	162639.0	162639.0	1.0	1.0	2343921	2343921	2343921	1.0	1.0	154	154	154
gsa_pooled	175712.0	175712.0	1.0	1.0	2335584	2335584	2335584	1.0	1.0	651	651	651
gsa_pooled	denovo2609.0	denovo2609.0	1.0	1.0	2965167	2965167	2965167	1.0	1.0	201	201	201
gsa_pooled	denovo4860.0	denovo4860.0	1.0	1.0	3612109	3612109	3612109	1.0	1.0	717	717	717
gsa_pooled	331878.0	331878.0	1.0	1.0	2902405	2902405	2902405	1.0	1.0	1164	1164	1164
gsa_pooled	273737.0	273737.0	1.0	1.0	2912982	2912982	2912982	1.0	1.0	75	75	75
gsa_pooled	187223.0	187223.0	1.0	1.0	4326323	4326323	4326323	1.0	1.0	129	129	129
gsa_pooled	260752.0	260752.0	1.0	1.0	5554906	5554906	5554906	1.0	1.0	652	652	652
gsa_pooled	denovo1324.0	denovo1324.0	1.0	1.0	4422492	4422492	4422492	1.0	1.0	415	415	415
gsa_pooled	194878.0	194878.0	1.0	1.0	3399860	3399860	3399860	1.0	1.0	38	38	38
gsa_pooled	263992.1	263992.1	1.0	1.0	4165854	4165854	4165854	1.0	1.0	72	72	72
gsa_pooled	110016.0	110016.0	1.0	1.0	2904601	2904601	2904601	1.0	1.0	322	322	322
gsa_pooled	162668.0	162668.0	1.0	1.0	1885808	1885808	1885808	1.0	1.0	210	210	210
gsa_pooled	827195.0	827195.0	1.0	1.0	3575115	3575115	3575115	1.0	1.0	749	749	749
gsa_pooled	1756274.0	1756274.0	1.0	1.0	2553174	2553174	2553174	1.0	1.0	867	867	867
gsa_pooled	denovo5877.0	denovo5877.0	1.0	1.0	4424450	4424450	4424450	1.0	1.0	701	701	701
gsa_pooled	4460109.1	4460109.1	1.0	1.0	4181458	4181458	4181458	1.0	1.0	458	458	458
gsa_pooled	661259.1	661259.1	1.0	1.0	1951503	1951503	1951503	1.0	1.0	1082	1082	1082
gsa_pooled	176952.0	176952.0	1.0	1.0	3079628	3079628	3079628	1.0	1.0	33	33	33
gsa_pooled	denovo10305.0	denovo10305.0	1.0	1.0	2950605	2950605	2950605	1.0	1.0	38	38	38
gsa_pooled	denovo2181.0	denovo2181.0	1.0	1.0	2938231	2938231	2938231	1.0	1.0	602	602	602
gsa_pooled	548775.0	548775.0	1.0	1.0	3669450	3669450	3669450	1.0	1.0	902	902	902
gsa_pooled	392918.0	392918.0	1.0	1.0	4863667	4863667	4863667	1.0	1.0	180	180	180
gsa_pooled	321902.0	321902.0	1.0	1.0	3526061	3526061	3526061	1.0	1.0	505	505	505
gsa_pooled	1033413.0	1033413.0	1.0	1.0	3272099	3272099	3272099	1.0	1.0	63	63	63
gsa_pooled	175485.0	175485.0	1.0	1.0	3588611	3588611	3588611	1.0	1.0	568	568	568
gsa_pooled	176853.0	176853.0	1.0	1.0	3400037	3400037	3400037	1.0	1.0	156	156	156
gsa_pooled	2645488.0	2645488.0	1.0	1.0	3138470	3138470	3138470	1.0	1.0	139	139	139
gsa_pooled	276484.0	276484.0	1.0	1.0	4652066	4652066	4652066	1.0	1.0	130	130	130
gsa_pooled	3029968.0	3029968.0	1.0	1.0	3338899	3338899	3338899	1.0	1.0	77	77	77
gsa_pooled	denovo6242.0	denovo6242.0	1.0	1.0	2257959	2257959	2257959	1.0	1.0	316	316	316
gsa_pooled	191616.0	191616.0	1.0	1.0	3204227	3204227	3204227	1.0	1.0	1042	1042	1042
gsa_pooled	267123.0	267123.0	1.0	1.0	2119289	2119289	2119289	1.0	1.0	373	373	373
gsa_pooled	260679.0	260679.0	1.0	1.0	2738717	2738717	2738717	1.0	1.0	62	62	62
gsa_pooled	denovo9575.0	denovo9575.0	1.0	1.0	3093043	3093043	3093043	1.0	1.0	692	692	692
gsa_pooled	191811.0	191811.0	1.0	1.0	5215781	5215781	5215781	1.0	1.0	170	170	170
gsa_pooled	denovo12477.0	denovo12477.0	1.0	1.0	4679100	4679100	4679100	1.0	1.0	4068	4068	4068
gsa_pooled	denovo10247.1	denovo10247.1	1.0	1.0	5066110	5066110	5066110	1.0	1.0	1184	1184	1184
gsa_pooled	322900.0	322900.0	1.0	1.0	3104912	3104912	3104912	1.0	1.0	1101	1101	1101
gsa_pooled	264225.0	264225.0	1.0	1.0	142216	142216	142216	1.0	1.0	597	597	597
gsa_pooled	313069.0	313069.0	1.0	1.0	2823890	2823890	2823890	1.0	1.0	907	907	907
gsa_pooled	173965.0	173965.0	1.0	1.0	1764978	1764978	1764978	1.0	1.0	599	599	599
gsa_pooled	839200.0	839200.0	1.0	1.0	5402538	5402538	5402538	1.0	1.0	283	283	283
gsa_pooled	325850.0	325850.0	1.0	1.0	7324279	7324279	7324279	1.0	1.0	744	744	744
gsa_pooled	denovo2819.1	denovo2819.1	1.0	1.0	3482593	3482593	3482593	1.0	1.0	527	527	527
gsa_pooled	339329.0	339329.0	1.0	1.0	2908070	2908070	2908070	1.0	1.0	494	494	494
gsa_pooled	328617.0	328617.0	1.0	1.0	3452044	3452044	3452044	1.0	1.0	1448	1448	1448
gsa_pooled	185483.0	185483.0	1.0	1.0	3297968	3297968	3297968	1.0	1.0	690	690	690
gsa_pooled	176850.0	176850.0	1.0	1.0	2970249	2970249	2970249	1.0	1.0	150	150	150
gsa_pooled	denovo7590.0	denovo7590.0	1.0	1.0	3818814	3818814	3818814	1.0	1.0	1145	1145	1145
gsa_pooled	denovo1685.1	denovo1685.1	1.0	1.0	2005714	2005714	2005714	1.0	1.0	731	731	731
gsa_pooled	276236.0	276236.0	1.0	1.0	2044266	2044266	2044266	1.0	1.0	171	171	171
gsa_pooled	661259.0	661259.0	1.0	1.0	2201417	2201417	2201417	1.0	1.0	113	113	113
gsa_pooled	denovo11903.0	denovo11903.0	1.0	1.0	5346920	5346920	5346920	1.0	1.0	1331	1331	1331
gsa_pooled	181348.0	181348.0	1.0	1.0	5216388	5216388	5216388	1.0	1.0	48	48	48
gsa_pooled	denovo1064.0	denovo1064.0	1.0	1.0	5271843	5271843	5271843	1.0	1.0	599	599	599
gsa_pooled	denovo2465.0	denovo2465.0	1.0	1.0	3102770	3102770	3102770	1.0	1.0	97	97	97
gsa_pooled	3946926.0	3946926.0	1.0	1.0	2290815	2290815	2290815	1.0	1.0	137	137	137
gsa_pooled	denovo3138.0	denovo3138.0	1.0	1.0	1873833	1873833	1873833	1.0	1.0	354	354	354
gsa_pooled	denovo2533.0	denovo2533.0	1.0	1.0	3825293	3825293	3825293	1.0	1.0	1287	1287	1287
gsa_pooled	324985.0	324985.0	1.0	1.0	3940182	3940182	3940182	1.0	1.0	1286	1286	1286
gsa_pooled	273954.1	273954.1	1.0	1.0	2920861	2920861	2920861	1.0	1.0	526	526	526
gsa_pooled	denovo4458.0	denovo4458.0	1.0	1.0	4341719	4341719	4341719	1.0	1.0	961	961	961
gsa_pooled	denovo12438.0	denovo12438.0	1.0	1.0	3309812	3309812	3309812	1.0	1.0	474	474	474
gsa_pooled	denovo11165.0	denovo11165.0	1.0	1.0	2698790	2698790	2698790	1.0	1.0	1789	1789	1789
gsa_pooled	191948.1	191948.1	1.0	1.0	509457	509457	509457	1.0	1.0	1995	1995	1995
gsa_pooled	190026.0	190026.0	1.0	1.0	5047604	5047604	5047604	1.0	1.0	46	46	46
gsa_pooled	192598.1	192598.1	1.0	1.0	1552152	1552152	1552152	1.0	1.0	4585	4585	4585
gsa_pooled	296045.1	296045.1	1.0	1.0	5275842	5275842	5275842	1.0	1.0	80	80	80
gsa_pooled	denovo3630.0	denovo3630.0	1.0	1.0	2526351	2526351	2526351	1.0	1.0	1216	1216	1216
gsa_pooled	denovo6968.0	denovo6968.0	1.0	1.0	4406446	4406446	4406446	1.0	1.0	850	850	850
gsa_pooled	188785.0	188785.0	1.0	1.0	3145134	3145134	3145134	1.0	1.0	301	301	301
gsa_pooled	denovo5222.1	denovo5222.1	1.0	1.0	2159782	2159782	2159782	1.0	1.0	2750	2750	2750
gsa_pooled	262258.1	262258.1	1.0	1.0	4006163	4006163	4006163	1.0	1.0	2012	2012	2012
gsa_pooled	denovo9569.0	denovo9569.0	1.0	1.0	4220371	4220371	4220371	1.0	1.0	568	568	568
gsa_pooled	556126.0	556126.0	1.0	1.0	5004378	5004378	5004378	1.0	1.0	5177	5177	5177
gsa_pooled	4447072.0	4447072.0	1.0	1.0	5532712	5532712	5532712	1.0	1.0	1404	1404	1404
gsa_pooled	339549.1	339549.1	1.0	1.0	2364626	2364626	2364626	1.0	1.0	163	163	163
gsa_pooled	denovo10990.0	denovo10990.0	1.0	1.0	2349328	2349328	2349328	1.0	1.0	142	142	142
gsa_pooled	306306.0	306306.0	1.0	1.0	2848625	2848625	2848625	1.0	1.0	212	212	212
gsa_pooled	4378081.1	4378081.1	1.0	1.0	99125	99125	99125	1.0	1.0	418	418	418
gsa_pooled	denovo5886.1	denovo5886.1	1.0	1.0	2220211	2220211	2220211	1.0	1.0	1071	1071	1071
gsa_pooled	denovo527.1	denovo527.1	1.0	1.0	6453285	6453285	6453285	1.0	1.0	866	866	866
gsa_pooled	denovo5088.0	denovo5088.0	1.0	1.0	5956681	5956681	5956681	1.0	1.0	77	77	77
gsa_pooled	denovo944.1	denovo944.1	1.0	1.0	3165672	3165672	3165672	1.0	1.0	1151	1151	1151
gsa_pooled	denovo2276.1	denovo2276.1	1.0	1.0	3850843	3850843	3850843	1.0	1.0	361	361	361
gsa_pooled	denovo9305.0	denovo9305.0	1.0	1.0	4189112	4189112	4189112	1.0	1.0	606	606	606
gsa_pooled	4449524.0	4449524.0	1.0	1.0	3321699	3321699	3321699	1.0	1.0	127	127	127
gsa_pooled	denovo4013.0	denovo4013.0	1.0	1.0	4827376	4827376	4827376	1.0	1.0	262	262	262
gsa_pooled	326662.0	326662.0	1.0	1.0	5466562	5466562	5466562	1.0	1.0	391	391	391
gsa_pooled	denovo4573.0	denovo4573.0	1.0	1.0	3262527	3262527	3262527	1.0	1.0	1823	1823	1823
gsa_pooled	259511.0	259511.0	1.0	1.0	5819794	5819794	5819794	1.0	1.0	94	94	94
gsa_pooled	262633.0	262633.0	1.0	1.0	4189282	4189282	4189282	1.0	1.0	88	88	88
gsa_pooled	260756.0	260756.0	1.0	1.0	5621454	5621454	5621454	1.0	1.0	210	210	210
gsa_pooled	3211875.0	3211875.0	1.0	1.0	6403896	6403896	6403896	1.0	1.0	682	682	682
gsa_pooled	denovo2073.0	denovo2073.0	1.0	1.0	1679470	1679470	1679470	1.0	1.0	16	16	16
gsa_pooled	182061.0	182061.0	1.0	1.0	3536113	3536113	3536113	1.0	1.0	646	646	646
gsa_pooled	271185.0	271185.0	1.0	1.0	2633167	2633167	2633167	1.0	1.0	1635	1635	1635
gsa_pooled	339549.0	339549.0	1.0	1.0	2412005	2412005	2412005	1.0	1.0	150	150	150
gsa_pooled	denovo2179.0	denovo2179.0	1.0	1.0	5399152	5399152	5399152	1.0	1.0	648	648	648
gsa_pooled	305012.0	305012.0	1.0	1.0	5114199	5114199	5114199	1.0	1.0	153	153	153
gsa_pooled	189585.0	189585.0	1.0	1.0	5220300	5220300	5220300	1.0	1.0	262	262	262
gsa_pooled	839152.0	839152.0	1.0	1.0	3229827	3229827	3229827	1.0	1.0	284	284	284
gsa_pooled	denovo7482.0	denovo7482.0	1.0	1.0	5147620	5147620	5147620	1.0	1.0	1125	1125	1125
gsa_pooled	denovo9737.0	denovo9737.0	1.0	1.0	4040550	4040550	4040550	1.0	1.0	1598	1598	1598
gsa_pooled	denovo8186.0	denovo8186.0	1.0	1.0	3460031	3460031	3460031	1.0	1.0	146	146	146
gsa_pooled	261315.0	261315.0	1.0	1.0	2424734	2424734	2424734	1.0	1.0	888	888	888
gsa_pooled	denovo1773.0	denovo1773.0	1.0	1.0	2101831	2101831	2101831	1.0	1.0	378	378	378
gsa_pooled	179343.0	179343.0	1.0	1.0	2803632	2803632	2803632	1.0	1.0	143	143	143
gsa_pooled	denovo1739.0	denovo1739.0	1.0	1.0	3346251	3346251	3346251	1.0	1.0	151	151	151
gsa_pooled	322900.1	322900.1	1.0	1.0	3370789	3370789	3370789	1.0	1.0	58	58	58
gsa_pooled	denovo5741.0	denovo5741.0	1.0	1.0	3675653	3675653	3675653	1.0	1.0	1283	1283	1283
gsa_pooled	denovo4376.1	denovo4376.1	1.0	1.0	3964733	3964733	3964733	1.0	1.0	240	240	240
gsa_pooled	denovo663.0	denovo663.0	1.0	1.0	1975775	1975775	1975775	1.0	1.0	1442	1442	1442
gsa_pooled	denovo1726.0	denovo1726.0	1.0	1.0	2346914	2346914	2346914	1.0	1.0	607	607	607
gsa_pooled	denovo5712.0	denovo5712.0	1.0	1.0	4376862	4376862	4376862	1.0	1.0	371	371	371
gsa_pooled	676211.0	676211.0	1.0	1.0	4902680	4902680	4902680	1.0	1.0	105	105	105
gsa_pooled	denovo9308.0	denovo9308.0	1.0	1.0	2512111	2512111	2512111	1.0	1.0	367	367	367
gsa_pooled	263834.1	263834.1	1.0	1.0	2909231	2909231	2909231	1.0	1.0	146	146	146
gsa_pooled	1108599.0	1108599.0	1.0	1.0	4628174	4628174	4628174	1.0	1.0	204	204	204
gsa_pooled	denovo1402.1	denovo1402.1	1.0	1.0	2196010	2196010	2196010	1.0	1.0	411	411	411
gsa_pooled	262102.0	262102.0	1.0	1.0	3360320	3360320	3360320	1.0	1.0	1175	1175	1175
gsa_pooled	2875735.0	2875735.0	1.0	1.0	4881072	4881072	4881072	1.0	1.0	675	675	675
gsa_pooled	187400.1	187400.1	1.0	1.0	2586412	2586412	2586412	1.0	1.0	728	728	728
gsa_pooled	denovo9503.0	denovo9503.0	1.0	1.0	3338758	3338758	3338758	1.0	1.0	939	939	939
gsa_pooled	171232.0	171232.0	1.0	1.0	2058691	2058691	2058691	1.0	1.0	246	246	246
gsa_pooled	133719.1	133719.1	1.0	1.0	2044641	2044641	2044641	1.0	1.0	440	440	440
gsa_pooled	denovo7795.0	denovo7795.0	1.0	1.0	2566759	2566759	2566759	1.0	1.0	1656	1656	1656
gsa_pooled	4455308.0	4455308.0	1.0	1.0	3226479	3226479	3226479	1.0	1.0	45	45	45
gsa_pooled	denovo2990.0	denovo2990.0	1.0	1.0	3768510	3768510	3768510	1.0	1.0	657	657	657
gsa_pooled	271602.0	271602.0	1.0	1.0	4620174	4620174	4620174	1.0	1.0	88	88	88
gsa_pooled	denovo7784.1	denovo7784.1	1.0	1.0	1950247	1950247	1950247	1.0	1.0	1107	1107	1107
gsa_pooled	1513771.0	1513771.0	1.0	1.0	2110732	2110732	2110732	1.0	1.0	112	112	112
gsa_pooled	183958.0	183958.0	1.0	1.0	2410656	2410656	2410656	1.0	1.0	1	1	1
