"","short_name","Freq","long_name"
"38","164664.0",57,"GCF_000165775.1_ASM16577v3"
"501","denovo12977.0",57,"GCF_000162015.1_ASM16201v1"
"660","denovo7482.0",57,"GCF_000162135.1_ASM16213v1"
"129","191251.0",56,"GCF_000162535.1_ASM16253v1"
"198","262917.0",56,"GCF_000484655.1_ASM48465v1"
"510","denovo1402.1",56,"GCF_001297745.1_ASM129774v1"
"520","denovo1779.0",56,"GCF_000403455.2_Dore_bact_5-2_V1"
"561","denovo3289.0",56,"GCF_002208045.1_SJD12"
"682","denovo8373.0",56,"GCF_002754015.1_ASM275401v1"
"264","296045.1",55,"GCF_000273765.1_Bact_frag_CL05T00C42_V1"
"380","4439360.0",55,"GCF_001286525.1_BFBE1.1"
"448","denovo10243.0",55,"GCF_900130135.1_PRJEB18269"
"458","denovo10471.1",55,"GCF_900157225.1_7BTORR"
"469","denovo10769.0",55,"GCF_001997325.1_ASM199732v1"
"515","denovo1685.1",55,"GCF_001746265.1_ASM174626v2"
"613","denovo5222.1",55,"GCF_002754075.1_ASM275407v1"
"647","denovo663.1",55,"GCF_002753935.1_ASM275393v1"
"656","denovo725.0",55,"GCF_000467975.1_ASM46797v1"
"720","denovo9776.0",55,"GCF_900104155.1_IMG-taxon_2593339137_annotated_assembly"
"263","296045.0",54,"GCF_001815255.1_ASM181525v1"
"443","995147.0",54,"GCF_002754155.1_ASM275415v1"
"513","denovo1684.0",54,"GCF_000467955.1_ASM46795v1"
"527","denovo2179.0",54,"GCF_000273155.1_Bact_frag_CL07T12C05_V1"
"652","denovo7014.0",54,"GCF_900155655.1_Prevotella_ihuae"
"222","268099.0",53,"GCF_000467815.1_ASM46781v1"
"511","denovo1457.0",53,"GCF_000307345.1_Para_merd_CL03T12C32_V1"
"543","denovo256.0",53,"GCF_002257605.1_ASM225760v1"
"556","denovo3050.0",53,"GCF_000467995.1_ASM46799v1"
"610","denovo5086.0",53,"GCF_002550015.1_ASM255001v1"
"35","162668.0",52,"GCF_000493455.1_LhCIRMBIA951V1"
"60","174358.0",52,"GCF_000424325.1_ASM42432v1"
"72","175712.0",52,"GCF_002204455.1_ASM220445v1"
"105","183958.0",52,"GCF_002754135.1_ASM275413v1"
"238","271185.1",52,"GCF_002218605.1_ASM221860v1"
"517","denovo1726.0",52,"GCF_001314265.1_ASM131426v1"
"589","denovo4382.1",52,"GCF_900157215.1_Strain_3-3"
"590","denovo4399.0",52,"GCF_000157015.1_ASM15701v1"
"632","denovo5886.0",52,"GCF_900157285.1_13-1"
"633","denovo5886.1",52,"GCF_900157295.1_11A"
"710","denovo9496.0",52,"GCF_002091975.1_ASM209197v1"
"78","178274.0",51,"GCF_900157275.1_84-3"
"311","332732.1",51,"GCF_000297735.1_Bact_frag_HMW_615_V1"
"325","348376.0",51,"GCF_000225745.1_Dorea_form_4_6_53AFAA_V1"
"387","4447072.0",51,"GCF_000157075.2_Bact_sp_9_1_42FAA_V2"
"489","denovo12438.0",51,"GCF_002117305.1_ASM211730v1"
"607","denovo4995.0",51,"GCF_001704315.1_ASM170431v1"
"637","denovo6242.0",51,"GCF_000467835.1_ASM46783v1"
"716","denovo9644.0",51,"GCF_000503975.1_SJD2"
"717","denovo9703.0",51,"GCF_002754055.1_ASM275405v1"
"196","262634.0",50,"GCF_001611075.1_ASM161107v1"
"357","4351214.0",50,"GCF_000209425.1_Lach_bact_6_1_63FAA_V1"
"362","4378081.0",50,"GCF_000403175.1_Bact_unif_dnLKV2_V1"
"630","denovo5848.0",50,"GCF_002753975.1_ASM275397v1"
"715","denovo9575.0",50,"GCF_001715615.1_ASM171561v1"
"9","1109178.0",49,"GCF_000424345.1_ASM42434v1"
"50","169845.0",49,"GCF_000403255.1_Lach_bact_3-1_V1"
"161","209377.0",49,"GCF_900157235.1_YH522"
"172","258485.0",49,"GCF_002753955.1_ASM275395v1"
"237","271185.0",49,"GCF_002095655.1_ASM209565v1"
"300","324894.1",49,"GCF_002549945.1_ASM254994v1"
"347","4304475.0",49,"GCF_000273135.1_Bact_frag_CL05T12C13_V1"
"503","denovo13122.0",49,"GCF_001981565.1_ASM198156v1"
"509","denovo1402.0",49,"GCF_000769475.1_ASM76947v1"
"514","denovo1685.0",49,"GCF_002278095.1_ASM227809v1"
"544","denovo256.1",49,"GCF_000162275.1_ASM16227v1"
"571","denovo3780.0",49,"GCF_001814855.1_ASM181485v1"
"576","denovo3940.0",49,"GCF_002763745.1_ASM276374v1"
"612","denovo5222.0",49,"GCF_000378065.1_ASM37806v1"
"626","denovo5713.0",49,"GCF_001580105.1_ASM158010v1"
"143","1931575.0",48,"GCF_000371545.1_Clos_clos_90A6_V1"
"155","197644.0",48,"GCF_900157245.1_15-9"
"173","258485.1",48,"GCF_900157345.1_AFR-5B1"
"216","267406.0",48,"GCF_000411335.1_Copr_sp_HPP0074_V1"
"267","3016478.0",48,"GCF_000238635.1_Subdol_sp_4_3_54A2FAA_V1"
"286","318503.0",48,"GCF_900110805.1_IMG-taxon_2593339242_annotated_assembly"
"363","4378081.1",48,"GCF_000158515.2_Bacteroides_sp_4_3_47FAA_V2"
"462","denovo1065.0",48,"GCF_000424485.1_ASM42448v1"
"463","denovo10679.0",48,"GCF_002206105.1_SJD11"
"481","denovo11906.0",48,"GCF_000371685.1_Clos_bolt_90B3_V1"
"493","denovo12645.0",48,"GCF_000225345.1_ASM22534v1"
"529","denovo2183.0",48,"GCF_001435835.1_ASM143583v1"
"541","denovo2529.0",48,"GCF_000424165.1_ASM42416v1"
"565","denovo3498.0",48,"GCF_001263815.1_ASM126381v1"
"681","denovo8312.0",48,"GCF_000424385.1_ASM42438v1"
"685","denovo8413.0",48,"GCF_002763845.1_ASM276384v1"
"26","14094.0",47,"GCF_000156535.1_ASM15653v1"
"133","191811.0",47,"GCF_900100685.1_IMG-taxon_2654588145_annotated_assembly"
"295","3211875.0",47,"GCF_000218365.1_Bacteroides_sp_1_1_30_V1"
"369","4381553.1",47,"GCF_000157095.2_Bacteroides_sp_D1_V2"
"396","4464113.0",47,"GCF_000371605.1_Clos_clos_90A1_V1"
"452","denovo1032.0",47,"GCF_000398925.1_Buty_pull_1_20_V1"
"461","denovo1064.0",47,"GCF_900049235.1_C.symbiosum_MappedAssembly"
"553","denovo2956.0",47,"GCF_000185585.1_ASM18558v1"
"579","denovo404.0",47,"GCF_001922325.1_ASM192232v1"
"580","denovo4069.0",47,"GCF_000701985.1_ASM70198v1"
"272","305012.0",46,"GCF_000424145.1_ASM42414v1"
"436","833816.0",46,"GCF_000701625.1_ASM70162v1"
"471","denovo10990.0",46,"GCF_000010505.1_ASM1050v1"
"475","denovo11208.0",46,"GCF_002763575.1_ASM276357v1"
"477","denovo11386.0",46,"GCF_002218965.1_ASM221896v1"
"486","denovo12307.0",46,"GCF_900096715.1_TFUB22"
"522","denovo1842.0",46,"GCF_000273315.1_Bact_xyla_CL03T12C04_V1"
"673","denovo8025.0",46,"GCF_000969825.1_Para_gord_MS-1_V1"
"691","denovo8798.0",46,"GCF_000371525.1_Clos_clos_90A7_V1"
"3","110016.0",45,"GCF_000166035.1_ASM16603v1"
"123","189585.0",45,"GCF_900108895.1_IMG-taxon_2654588144_annotated_assembly"
"208","264225.0",45,"GCF_900113155.1_IMG-taxon_2593339147_annotated_assembly"
"239","271230.0",45,"GCF_000242235.1_Lach_bact_ACC2_V1"
"261","293580.0",45,"GCF_000423985.1_ASM42398v1"
"360","4365130.0",45,"GCF_001078555.1_Parabacteroides_sp_D26_V1"
"366","4379247.0",45,"GCF_002179515.1_ASM217951v1"
"473","denovo11165.0",45,"GCF_001546595.1_ASM154659v1"
"479","denovo11903.0",45,"GCF_001078445.1_Clos_clos_WAL_7855_v11"
"505","denovo13303.0",45,"GCF_000371645.1_Clos_bolt_90B8_V1"
"578","denovo4013.0",45,"GCF_900129135.1_IMG-taxon_2585428044_annotated_assembly"
"588","denovo4382.0",45,"GCF_000482365.1_ASM48236v1"
"672","denovo8002.0",45,"GCF_000007585.1_ASM758v1"
"707","denovo9337.0",45,"GCF_000273055.1_Bact_dore_CL02T12C06_V1"
"12","1135084.0",44,"GCF_000186105.1_Bacteroides_sp_3_1_40A_V1"
"17","132929.0",44,"GCF_900120345.1_PRJEB18024"
"31","160140.1",44,"GCF_000403495.2_Lach_bact_10-1_V1"
"65","175333.0",44,"GCF_900157265.1_A7A1-28"
"68","175529.1",44,"GCF_900102595.1_IMG-taxon_2623620521_annotated_assembly"
"141","192684.0",44,"GCF_001412315.1_ASM141231v1"
"294","320224.0",44,"GCF_002549775.1_ASM254977v1"
"332","3563235.0",44,"GCF_001578575.1_ASM157857v1"
"350","4327881.0",44,"GCF_900086725.1_PRJEB13908"
"359","4365109.0",44,"GCF_002234575.2_ASM223457v2"
"411","556126.0",44,"GCF_000158335.2_Bact_dorei_5_1_36_D4_V2"
"415","619817.0",44,"GCF_000189615.1_Clos_symb_WAL_14673_V2"
"453","denovo1032.1",44,"GCF_900143195.1_501571.5"
"480","denovo11903.1",44,"GCF_000466565.1_ASM46656v1"
"495","denovo12694.1",44,"GCF_002586945.1_ASM258694v1"
"516","denovo1719.0",44,"GCF_000154205.1_ASM15420v1"
"548","denovo274.0",44,"GCF_001078435.1_Clos_citr_WAL_19142_V1"
"693","denovo8808.0",44,"GCF_000154365.1_ASM15436v1"
"696","denovo883.0",44,"GCF_001953935.1_ASM195393v1"
"28","146564.1",43,"GCF_002201475.1_ASM220147v1"
"151","195123.1",43,"GCF_000154105.1_ASM15410v1"
"234","270448.1",43,"GCF_000154565.1_ASM15456v1"
"249","276484.0",43,"GCF_001578555.1_ASM157855v1"
"406","521982.0",43,"GCF_000210575.1_ASM21057v1"
"670","denovo7933.0",43,"GCF_000177015.3_Rumi_bact_D16_V2"
"689","denovo8701.0",43,"GCF_000428565.1_ASM42856v1"
"13","1135084.1",42,"GCF_000297755.1_Bact_frag_HMW_616_V1"
"149","194950.0",42,"GCF_000403335.2_Lach_bact_COE1_V1"
"162","210073.0",42,"GCF_001403575.1_Ihuella_massiliensis"
"220","268084.0",42,"GCF_000209445.1_Lach_bact_9_1_43BFAA_V1"
"326","348376.1",42,"GCF_000154065.1_ASM15406v1"
"560","denovo3271.0",42,"GCF_900101315.1_IMG-taxon_2593339257_annotated_assembly"
"572","denovo3780.1",42,"GCF_000234055.1_Prev_hist_F0411_V1"
"655","denovo7195.0",42,"GCF_000159875.2_Bact_sp_1_1_6_V2"
"669","denovo7795.0",42,"GCF_000261025.1_ASM26102v1"
"25","137043.0",41,"GCF_001704645.1_ASM170464v1"
"83","179464.1",41,"GCF_002206085.1_SJD4"
"88","180362.0",41,"GCF_001717125.1_ASM171712v1"
"111","185483.0",41,"GCF_000218425.1_Lach_bact_5_1_57FAA"
"127","190547.0",41,"GCF_000234155.1_Clos_clos_2_1_49FAA_V1"
"150","195123.0",41,"GCF_000156495.1_ASM15649v1"
"182","260752.0",41,"GCF_000371405.1_Clos_clos_CM201_V1"
"183","260756.0",41,"GCF_000242155.1_Lach_bact_7_1_58FAA_V1"
"217","267406.1",41,"GCF_000155875.1_ASM15587v1"
"265","299171.0",41,"GCF_000156675.1_ASM15667v1"
"280","3141094.0",41,"GCF_900100465.1_IMG-taxon_2654588146_annotated_assembly"
"310","332732.0",41,"GCF_001578635.1_ASM157863v1"
"318","339329.0",41,"GCF_000242315.1_ASM24231v1"
"447","denovo10014.0",41,"GCF_000145035.1_ASM14503v1"
"508","denovo1369.0",41,"GCF_001546565.2_ASM154656v2"
"557","denovo3118.0",41,"GCF_000026525.1_ASM2652v1"
"574","denovo3878.0",41,"GCF_900167355.1_IMG-taxon_2585428082_annotated_assembly"
"582","denovo4139.0",41,"GCF_001938785.1_ASM193878v1"
"591","denovo4456.0",41,"GCF_000312305.1_ASM31230v1"
"634","denovo5982.0",41,"GCF_000154305.1_ASM15430v1"
"683","denovo8373.1",41,"GCF_000700805.1_ASM70080v1"
"695","denovo8828.0",41,"GCF_000185545.1_ASM18554v1"
"316","336277.0",40,"GCF_000156035.2_ASM15603v2"
"372","4390319.1",40,"GCF_000273195.1_Bact_ovat_CL02T12C04_V1"
"412","575041.0",40,"GCF_000154465.1_ASM15446v1"
"643","denovo6551.1",40,"GCF_001815315.1_ASM181531v1"
"32","161277.0",39,"GCF_000403315.2_Lach_bact_A2_V1"
"55","172161.0",39,"GCF_002180435.1_14207_7_48"
"77","177917.0",39,"GCF_000270225.1_ASM27022v1"
"121","188610.0",39,"GCF_000153905.1_ASM15390v1"
"169","231021.0",39,"GCF_001486665.1_Fournierella_massiliensis"
"199","263171.0",39,"GCF_001717135.1_ASM171713v1"
"259","291090.0",39,"GCF_000307395.1_Para_gold_CL02T12C30_V1"
"285","317389.0",39,"GCF_001881565.1_ASM188156v1"
"336","3600504.0",39,"GCF_000403195.1_Bact_mass_dnLKV3_V1"
"367","4380294.0",39,"GCF_001078425.1_Clos_bolt_WAL_14578_V1"
"368","4381553.0",39,"GCF_000273725.1_Bact_cacc_CL03T12C61_V1"
"521","denovo1832.0",39,"GCF_000297695.1_Bact_frag_HMW_610_V1"
"563","denovo329.0",39,"GCF_000234115.1_Prevotella_sp_F0323_V1"
"595","denovo4507.0",39,"GCF_001659745.1_ASM165974v1"
"617","denovo532.0",39,"GCF_002254255.1_ASM225425v1"
"650","denovo6995.0",39,"GCF_900168235.1_IMG-taxon_2606217738_annotated_assembly"
"698","denovo8991.0",39,"GCF_000185605.1_ASM18560v1"
"703","denovo9225.0",39,"GCF_000218445.1_Lach_bact_1_1_57FAA_V1"
"706","denovo9316.0",39,"GCF_000273235.1_Bact_saly_CL02T12C01_V1"
"711","denovo9503.0",39,"GCF_001547855.1_ASM154785v1"
"11","1109559.0",38,"GCF_000185525.1_ASM18552v1"
"52","170328.1",38,"GCF_000157995.1_ASM15799v1"
"132","191616.0",38,"GCF_900167005.1_IMG-taxon_2585428076_annotated_assembly"
"157","197696.0",38,"GCF_900169975.1_PRJEB20005"
"205","263992.0",38,"GCF_000371505.1_Clos_clos_90A8_V1"
"233","270448.0",38,"GCF_000403395.2_Anae_bact_G3_V1"
"274","308734.0",38,"GCF_900104675.1_PRJEB16361"
"276","312322.0",38,"GCF_000769385.1_ASM76938v1"
"283","315496.1",38,"GCF_000424085.1_ASM42408v1"
"393","4455308.0",38,"GCF_000218385.1_Lach_bact_1_4_56FAA_V1"
"464","denovo10694.0",38,"GCF_000159995.1_ASM15999v1"
"497","denovo12746.0",38,"GCF_000403295.1_Lach_bact_M18-1_V1"
"531","denovo2227.0",38,"GCF_000430565.1_ASM43056v1"
"533","denovo2276.0",38,"GCF_000371665.1_Clos_bolt_90B7_V1"
"534","denovo2276.1",38,"GCF_000424545.1_ASM42454v1"
"537","denovo2333.0",38,"GCF_000403215.1_Lach_bact_A4_V1"
"584","denovo4266.0",38,"GCF_000205165.1_ASM20516v1"
"645","denovo6615.1",38,"GCF_000439125.1_ASM43912v1"
"229","269378.0",37,"GCF_002549975.1_ASM254997v1"
"256","289315.0",37,"GCF_000371485.1_Clos_clos_90B1_V1"
"258","289627.0",37,"GCF_002079925.1_ASM207992v1"
"305","327900.0",37,"GCF_900167555.1_IMG-taxon_2590828806_annotated_assembly"
"307","330296.0",37,"GCF_900111185.1_IMG-taxon_2623620520_annotated_assembly"
"385","4444771.0",37,"GCF_000225685.1_Erys_bact_2_2_44A_V1"
"388","4447072.1",37,"GCF_000157915.1_ASM15791v1"
"455","denovo10393.1",37,"GCF_900167385.1_IMG-taxon_2585428083_annotated_assembly"
"459","denovo10472.0",37,"GCF_900155865.1_PRJEB18812"
"474","denovo11206.0",37,"GCF_000162455.1_ASM16245v1"
"581","denovo4118.1",37,"GCF_000012845.1_ASM1284v1"
"594","denovo4463.0",37,"GCF_001721925.1_ASM172192v1"
"625","denovo5712.0",37,"GCF_000190535.1_ASM19053v1"
"702","denovo9105.0",37,"GCF_900155425.1_PRJEB18759"
"67","175529.0",36,"GCF_000424525.1_ASM42452v1"
"144","193680.0",36,"GCF_002221555.2_ASM222155v2"
"209","264225.1",36,"GCF_000189595.1_Clos_symb_WAL_14163_V1"
"245","273954.0",36,"GCF_900100545.1_IMG-taxon_2651870321_annotated_assembly"
"275","310407.0",36,"GCF_000424565.1_ASM42456v1"
"293","319702.0",36,"GCF_900141825.1_IMG-taxon_2585428087_annotated_assembly"
"301","324985.0",36,"GCF_000423965.1_ASM42396v1"
"313","3327894.1",36,"GCF_001535595.1_ASM153559v1"
"335","3588390.0",36,"GCF_000403235.1_Bact_vulg_dnLKV7_V1"
"341","392918.0",36,"GCF_000519985.1_ASM51998v1"
"384","4443094.1",36,"GCF_000507785.1_Rumi_lact_CC59_002D_V1"
"478","denovo11841.0",36,"GCF_000155815.1_ASM15581v1"
"530","denovo2199.0",36,"GCF_000162415.1_ASM16241v1"
"536","denovo2313.0",36,"GCF_000439065.1_ASM43906v1"
"550","denovo2819.0",36,"GCF_000382385.1_ASM38238v1"
"558","denovo3138.0",36,"GCF_001636135.1_ASM163613v1"
"562","denovo3289.1",36,"GCF_001815465.1_ASM181546v1"
"564","denovo3492.0",36,"GCF_000746015.1_ASM74601v1"
"668","denovo7794.1",36,"GCF_900109635.1_IMG-taxon_2623620522_annotated_assembly"
"29","1513771.0",35,"GCF_001436275.1_ASM143627v1"
"42","167420.0",35,"GCF_900104665.1_PRJEB16357"
"71","175706.0",35,"GCF_000467795.1_ASM46779v1"
"140","192673.0",35,"GCF_001688665.2_ASM168866v2"
"212","265912.0",35,"GCF_000233455.1_Clos_citr_WAL_17108_V1"
"251","278098.0",35,"GCF_000349885.2_ASM34988v2"
"266","299171.1",35,"GCF_900112195.1_IMG-taxon_2595698243_annotated_assembly"
"346","4256470.0",35,"GCF_000273295.1_Bact_vulg_CL09T03C04_V1"
"451","denovo10319.0",35,"GCF_000307495.1_Para_merd_CL09T00C40_V1"
"504","denovo13136.0",35,"GCF_000193395.1_ASM19339v1"
"546","denovo265.0",35,"GCF_900106785.1_PRJEB16531"
"566","denovo3535.0",35,"GCF_000163055.2_ASM16305v2"
"593","denovo4458.0",35,"GCF_900187175.1_51342_A02"
"677","denovo8255.0",35,"GCF_000410995.1_ASM41099v1"
"48","168984.0",34,"GCF_000423945.1_ASM42394v1"
"73","175758.0",34,"GCF_000424465.1_ASM42446v1"
"97","181717.0",34,"GCF_900115735.1_IMG-taxon_2623620519_annotated_assembly"
"100","182061.0",34,"GCF_000469445.2_ASM46944v2"
"128","190673.0",34,"GCF_002754095.1_ASM275409v1"
"131","191325.0",34,"GCF_000371705.1_Clos_bolt_90A9_V1"
"185","261277.0",34,"GCF_000424265.1_ASM42426v1"
"189","262102.0",34,"GCF_000296465.1_Barn_inte_YIT_11860_V1"
"210","264359.0",34,"GCF_900078295.2_PRJEB13136"
"260","291950.0",34,"GCF_001487165.1_Blautia_massiliensis1"
"271","304080.0",34,"GCF_002549935.1_ASM254993v1"
"297","322900.0",34,"GCF_001998765.1_ASM199876v1"
"344","3997242.0",34,"GCF_001318345.1_ASM131834v1"
"454","denovo10393.0",34,"GCF_000224595.1_Prevotella_sp_C561_V1"
"502","denovo13042.0",34,"GCF_001543345.1_ASM154334v1"
"583","denovo420.0",34,"GCF_000262545.1_ASM26254v1"
"674","denovo8150.0",34,"GCF_000238215.1_ASM23821v1"
"704","denovo9305.0",34,"GCF_000233955.1_ASM23395v1"
"719","denovo9767.0",34,"GCF_000424505.1_ASM42450v1"
"86","179838.0",33,"GCF_000157035.2_Bacteroides_sp_2_1_7_V2"
"124","189789.0",33,"GCF_900107835.1_IMG-taxon_2657244910_annotated_assembly"
"252","2875735.0",33,"GCF_000273785.1_Bact_unif_CL03T00C23_V1"
"314","334395.0",33,"GCF_001571425.1_ASM157142v1"
"397","4464113.1",33,"GCF_000621465.1_ASM62146v1"
"444","999986.0",33,"GCF_001594285.1_ASM159428v1"
"490","denovo12477.0",33,"GCF_000307455.1_Para_dist_CL03T12C09_V1"
"500","denovo12924.0",33,"GCF_000238695.1_Tannerella_sp_6_1_58FAA_CT1_V1"
"555","denovo2990.1",33,"GCF_000312145.1_ASM31214v1"
"615","denovo527.1",33,"GCF_001811315.1_ASM181131v1"
"616","denovo5303.0",33,"GCF_900178545.1_AS-FLEC03-V1"
"636","denovo6222.0",33,"GCF_900103235.1_IMG-taxon_2593339151_annotated_assembly"
"640","denovo6433.0",33,"GCF_000364265.1_Para_sp_ASF519_V1"
"687","denovo852.0",33,"GCF_001858005.1_ASM185800v1"
"712","denovo9521.0",33,"GCF_000144405.1_ASM14440v1"
"175","259511.0",32,"GCF_000371565.1_Clos_clos_90A4_V1"
"312","3327894.0",32,"GCF_000154125.1_ASM15412v1"
"319","339549.0",32,"GCF_900157255.1_ATCC49417"
"342","3946926.0",32,"GCF_001434845.1_ASM143484v1"
"470","denovo10808.0",32,"GCF_000220255.1_ASM22025v1"
"518","denovo1739.0",32,"GCF_001547875.1_ASM154787v1"
"601","denovo4635.0",32,"GCF_002079435.1_ASM207943v1"
"659","denovo7466.0",32,"GCF_900129535.1_IMG-taxon_2695420955_annotated_assembly"
"75","176853.0",31,"GCF_000702265.1_ASM70226v1"
"154","196664.1",31,"GCF_000304195.1_Bact_thet_CL09T03C10_V1"
"187","261315.1",31,"GCF_900100095.1_IMG-taxon_2593339216_annotated_assembly"
"225","268844.1",31,"GCF_900113655.1_IMG-taxon_2606217763_annotated_assembly"
"250","276629.0",31,"GCF_000739415.1_ASM73941v1"
"468","denovo10721.0",31,"GCF_000212375.1_ASM21237v1"
"483","denovo1211.0",31,"GCF_900184885.1_MOUSE_M89_JASPER"
"484","denovo12129.0",31,"GCF_000307475.1_Paraba_sp_D25_V1"
"551","denovo2874.0",31,"GCF_900184975.1_Chimpanzee_2_2"
"676","denovo8186.0",31,"GCF_000698925.1_ASM69892v1"
"45","1678333.0",30,"GCF_000507805.1_Rumi_gnav_CC55_001C_V1"
"148","194878.0",30,"GCF_900101605.1_IMG-taxon_2595698227_annotated_assembly"
"236","270984.0",30,"GCF_900120395.1_PRJEB18035"
"304","326662.0",30,"GCF_000156075.1_ASM15607v1"
"355","4339832.1",30,"GCF_900143205.1_IMG-taxon_2582580726_annotated_assembly"
"374","4401580.0",30,"GCF_000163655.1_ASM16365v1"
"403","455671.0",30,"GCF_002078855.1_ASM207885v1"
"426","730939.0",30,"GCF_000191805.1_Lach_bact_4_1_37FAA_V1"
"488","denovo12370.0",30,"GCF_001548195.1_ASM154819v1"
"667","denovo7794.0",30,"GCF_000187895.1_ASM18789v1"
"678","denovo8255.1",30,"GCF_000091405.1_ASM9140v1"
"701","denovo9081.0",30,"GCF_000622125.1_ASM62212v1"
"40","166664.1",29,"GCF_000702025.1_ASM70202v1"
"49","169106.0",29,"GCF_002218725.1_ASM221872v1"
"192","262258.1",29,"GCF_000285855.1_ASM28585v2"
"195","262633.0",29,"GCF_900102515.1_IMG-taxon_2593339224_annotated_assembly"
"241","271880.0",29,"GCF_000239295.1_ASM23929v1"
"320","339549.1",29,"GCF_000971515.1_ASM97151v1"
"351","4329571.0",29,"GCF_000969835.1_Para_gold_DSM_19448_V1"
"382","4442899.0",29,"GCF_900101295.1_IMG-taxon_2606217764_annotated_assembly"
"559","denovo3222.0",29,"GCF_001436185.1_ASM143618v1"
"570","denovo3777.0",29,"GCF_002079585.1_ASM207958v1"
"618","denovo5363.0",29,"GCF_000218405.2_Lach_bact_3-1-57FAA_CT1_V1"
"619","denovo5363.1",29,"GCF_000765245.1_ASM76524v1"
"622","denovo5454.0",29,"GCF_002208725.1_ASM220872v1"
"635","denovo5985.0",29,"GCF_000403825.2_Para_gold_dnLKV18_V1"
"686","denovo8441.0",29,"GCF_000424305.1_ASM42430v1"
"66","175485.0",28,"GCF_000374585.1_ASM37458v1"
"118","187962.0",28,"GCF_002442835.1_ASM244283v1"
"119","188299.0",28,"GCF_900120195.1_PRJEB18016"
"181","260679.0",28,"GCF_000153925.1_ASM15392v1"
"420","661259.1",28,"GCF_001343055.1_6736_6_14"
"569","denovo3683.0",28,"GCF_000821285.2_Alistipes_jeddahmassiliense_str._AL-1"
"575","denovo389.0",28,"GCF_001011095.1_ASM101109v1"
"614","denovo527.0",28,"GCF_000382445.1_Bact_mass_DSM_17679_V1"
"627","denovo5741.0",28,"GCF_000327285.1_ASM32728v1"
"654","denovo717.1",28,"GCF_002003555.1_ASM200355v1"
"684","denovo8389.0",28,"GCF_900109965.1_IMG-taxon_2593339260_annotated_assembly"
"697","denovo8847.0",28,"GCF_001688625.2_ASM168862v2"
"53","171232.0",27,"GCF_000493555.1_LhCIRMBIA101V1"
"85","179616.0",27,"GCF_900096725.1_TFUB4"
"108","184925.0",27,"GCF_000702125.1_ASM70212v1"
"147","194787.0",27,"GCF_000296385.1_Clos_bact_OBRC5-5_V1"
"228","269125.1",27,"GCF_002079325.1_ASM207932v1"
"262","295590.0",27,"GCF_001652145.1_ASM165214v1"
"291","319134.0",27,"GCF_900114405.1_IMG-taxon_2654588176_annotated_assembly"
"315","335965.0",27,"GCF_000701765.1_ASM70176v1"
"390","4449524.0",27,"GCF_000142965.1_ASM14296v1"
"496","denovo12698.0",27,"GCF_002201495.1_ASM220149v1"
"499","denovo12921.0",27,"GCF_000195635.1_ASM19563v1"
"519","denovo1773.0",27,"GCF_001436965.1_ASM143696v1"
"523","denovo1874.0",27,"GCF_000011065.1_ASM1106v1"
"532","denovo2227.1",27,"GCF_001814145.1_ASM181414v1"
"621","denovo5426.0",27,"GCF_900112885.1_IMG-taxon_2593339256_annotated_assembly"
"722","denovo9794.0",27,"GCF_000760655.1_Clos_orbi_1_3_50AFAA_V1"
"18","133719.0",26,"GCF_001697245.1_ASM169724v1"
"138","192598.0",26,"GCF_001454945.1_ASM145494v1"
"139","192598.1",26,"GCF_001244995.1_Intestinimonas_massiliensis"
"165","228730.1",26,"GCF_001274615.1_ASM127461v1"
"203","263834.0",26,"GCF_000235445.1_John_igna_ATCC_51276_V1"
"221","268084.1",26,"GCF_000371725.1_Clos_bolt_90A5_V1"
"235","270730.0",26,"GCF_000424445.1_ASM42444v1"
"242","272949.0",26,"GCF_000218465.1_Lach_bact_2_1_58FAA_V1"
"243","272949.1",26,"GCF_000424285.1_ASM42428v1"
"273","306306.0",26,"GCF_000238835.1_ASM23883v1"
"284","316381.0",26,"GCF_000765135.1_ASM76513v1"
"331","355440.0",26,"GCF_000621605.1_ASM62160v1"
"371","4390319.0",26,"GCF_001811695.1_ASM181169v1"
"398","4469576.0",26,"GCF_900142265.1_IMG-taxon_2585428190_annotated_assembly"
"417","649107.0",26,"GCF_002222595.2_ASM222259v2"
"434","831301.0",26,"GCF_900106815.1_IMG-taxon_2606217761_annotated_assembly"
"445","999986.1",26,"GCF_000318195.2_ASM31819v2"
"680","denovo8298.1",26,"GCF_000155205.1_ASM15520v1"
"170","233991.0",25,"GCF_000332875.2_ASM33287v2"
"302","3265889.0",25,"GCF_000411355.1_Copr_sp_HPP0048_V1"
"306","328617.0",25,"GCF_000466505.1_ASM46650v1"
"460","denovo10581.0",25,"GCF_000157935.1_ASM15793v1"
"554","denovo2990.0",25,"GCF_900083545.1_PRJEB13794"
"603","denovo4860.0",25,"GCF_001461035.1_ASM146103v1"
"723","denovo9942.1",25,"GCF_000702065.1_ASM70206v1"
"84","179513.0",24,"GCF_900096735.1_TFUB20"
"146","194490.0",24,"GCF_000374505.1_ASM37450v1"
"288","318732.0",24,"GCF_000160095.1_ASM16009v1"
"413","577294.0",24,"GCF_000307375.1_Para_john_CL02T12C29_V1"
"482","denovo11993.0",24,"GCF_000373705.1_ASM37370v1"
"623","denovo5579.0",24,"GCF_000379925.1_ASM37992v1"
"721","denovo9776.1",24,"GCF_000156015.1_ASM15601v1"
"34","162639.0",23,"GCF_001553165.1_ASM155316v1"
"41","166911.0",23,"GCF_000191545.1_ASM19154v1"
"51","170328.0",23,"GCF_000242195.1_Erys_bact_21_3_V1"
"59","173916.0",23,"GCF_900113595.1_IMG-taxon_2657245270_annotated_assembly"
"93","180944.0",23,"GCF_000424125.1_ASM42412v1"
"152","196122.0",23,"GCF_900109715.1_IMG-taxon_2595698239_annotated_assembly"
"190","262104.0",23,"GCF_000466485.1_ASM46648v1"
"206","263992.1",23,"GCF_000701645.1_ASM70164v1"
"230","269546.0",23,"GCF_000235505.1_Clos_hath_WAL_18680_V1"
"287","318503.1",23,"GCF_000702145.1_ASM70214v1"
"299","324894.0",23,"GCF_001487105.1_Ruminococcus_phoceensis"
"327","3486634.0",23,"GCF_000382465.1_Bact_sp_HPS0048_V1"
"356","4340358.0",23,"GCF_001056335.1_ASM105633v1"
"586","denovo4376.0",23,"GCF_000273035.1_Bact_dore_CL02T00C15_V1"
"596","denovo4538.0",23,"GCF_900128505.1_PRJEB18032"
"639","denovo6432.0",23,"GCF_000512915.1_ASM51291v1"
"39","166664.0",22,"GCF_000020605.1_ASM2060v1"
"101","182712.0",22,"GCF_000209405.1_Lach_bact_3_1_46FAA_V1"
"178","259993.0",22,"GCF_000155915.2_Lacto_jensenii_1153_V2"
"255","288521.0",22,"GCF_002751085.1_ASM275108v1"
"281","3154070.0",22,"GCF_000273175.1_Bact_nord_CL02T12C05_V1"
"317","3377773.0",22,"GCF_000210615.1_ASM21061v1"
"419","661259.0",22,"GCF_001563585.1_ASM156358v1"
"446","999989.0",22,"GCF_000467875.1_ASM46787v1"
"487","denovo1235.0",22,"GCF_900111325.1_IMG-taxon_2593339159_annotated_assembly"
"609","denovo5065.0",22,"GCF_001435345.1_ASM143534v1"
"661","denovo7590.0",22,"GCF_001185345.1_ASM118534v2"
"664","denovo7759.0",22,"GCF_000020225.1_ASM2022v1"
"58","172640.1",21,"GCF_000373885.1_ASM37388v1"
"91","180869.0",21,"GCF_900109215.1_IMG-taxon_2654588124_annotated_assembly"
"104","183606.0",21,"GCF_900096945.1_IMG-taxon_2675903067_annotated_assembly"
"122","1889556.0",21,"GCF_001535605.1_ASM153560v1"
"204","263834.1",21,"GCF_001552975.1_ASM155297v1"
"226","269058.0",21,"GCF_001831275.1_ASM183127v1"
"227","269125.0",21,"GCF_000011045.1_ASM1104v1"
"649","denovo6968.0",21,"GCF_000162215.1_ASM16221v1"
"679","denovo8298.0",21,"GCF_000255615.2_ASM25561v3"
"690","denovo8733.0",21,"GCF_000159615.1_ASM15961v1"
"718","denovo9737.0",21,"GCF_900107785.1_IMG-taxon_2654588140_annotated_assembly"
"1","1033413.0",20,"GCF_000396285.1_Ente_faec_B2867_V1"
"46","1678333.1",20,"GCF_000424585.1_ASM42458v1"
"54","171322.0",20,"GCF_001678855.1_ASM167885v1"
"94","180972.0",20,"GCF_000423925.1_ASM42392v1"
"107","184470.0",20,"GCF_000702205.1_ASM70220v1"
"153","196664.0",20,"GCF_000162175.1_ASM16217v1"
"164","228730.0",20,"GCF_002754035.1_ASM275403v1"
"352","4334624.0",20,"GCF_000154505.1_ASM15450v1"
"440","839152.0",20,"GCF_000396085.1_Ente_faec_B1933_V1"
"611","denovo5088.0",20,"GCF_900106755.1_IMG-taxon_2693429916_annotated_assembly"
"628","denovo5786.0",20,"GCF_000224615.1_Prev_oulo_F0390_V1"
"646","denovo663.0",20,"GCF_000318215.2_ASM31821v2"
"705","denovo9308.0",20,"GCF_000312445.1_ASM31244v1"
"8","1108453.0",19,"GCF_900113415.1_IMG-taxon_2651870359_annotated_assembly"
"69","175613.0",19,"GCF_900109475.1_IMG-taxon_2606217762_annotated_assembly"
"76","176952.0",19,"GCF_000621865.1_ASM62186v1"
"90","180731.0",19,"GCF_000307435.1_Para_dist_CL09T03C24_V1"
"102","182712.1",19,"GCF_000686965.1_ASM68696v1"
"120","188548.0",19,"GCF_000403475.2_Lach_bact_3-2_V1"
"247","275984.0",19,"GCF_000209465.1_Lach_bact_F0167_V1"
"407","521982.1",19,"GCF_000311925.1_ASM31192v1"
"424","70830.0",19,"GCF_000539515.1_Stap_aure_LAMC0001_V1"
"466","denovo10697.1",19,"GCF_000318095.2_ASM31809v2"
"485","denovo12305.0",19,"GCF_000379965.1_ASM37996v1"
"70","1756274.0",18,"GCF_000391985.1_Ente_faec_9731349-1_V1"
"137","192316.1",18,"GCF_002754115.1_ASM275411v1"
"160","1995182.0",18,"GCF_000934625.1_ASM93462v1"
"282","315496.0",18,"GCF_000711825.1_ASM71182v1"
"323","344525.0",18,"GCF_000403155.2_Bact_thet_dnLKV9_V1"
"330","354971.0",18,"GCF_001188985.1_ASM118898v1"
"370","4387250.0",18,"GCF_000381365.1_Bact_saly_DSM_18765_V1"
"392","4449984.1",18,"GCF_900103115.1_IMG-taxon_2654588126_annotated_assembly"
"512","denovo159.0",18,"GCF_000723745.2_PRJEB6027_Urmite"
"585","denovo4276.0",18,"GCF_000473955.1__oprFasNSB1"
"606","denovo4974.0",18,"GCF_900114235.1_IMG-taxon_2636415975_annotated_assembly"
"5","1106006.0",17,"GCF_900109655.1_IMG-taxon_2651870358_annotated_assembly"
"167","229455.1",17,"GCF_001697285.1_ASM169728v1"
"180","260456.0",17,"GCF_900102475.1_IMG-taxon_2599185228_annotated_assembly"
"224","268844.0",17,"GCF_900101325.1_IMG-taxon_2596583543_annotated_assembly"
"248","276236.0",17,"GCF_000384195.1_ASM38419v1"
"296","321902.0",17,"GCF_000622025.1_ASM62202v1"
"303","3265889.1",17,"GCF_000154425.1_ASM15442v1"
"340","3919797.0",17,"GCF_000371585.1_Clos_clos_90A3_V1"
"395","4460109.1",17,"GCF_000531655.1_E7"
"408","522433.0",17,"GCF_000174895.1_ASM17489v1"
"438","837859.0",17,"GCF_000701665.1_ASM70166v1"
"535","denovo2280.0",17,"GCF_000159215.1_ASM15921v1"
"577","denovo3940.1",17,"GCF_000413355.1_Prev_oral_HGA0225_V1"
"19","133719.1",16,"GCF_002119605.1_ASM211960v1"
"36","163997.0",16,"GCF_900112855.1_IMG-taxon_2606217811_annotated_assembly"
"145","193680.1",16,"GCF_000622065.1_ASM62206v1"
"156","197644.1",16,"GCF_900167105.1_IMG-taxon_2582581320_annotated_assembly"
"168","230268.0",16,"GCF_000157955.1_ASM15795v1"
"197","262642.0",16,"GCF_900107245.1_IMG-taxon_2593339158_annotated_assembly"
"268","3029968.0",16,"GCF_900116875.1_IMG-taxon_2593339243_annotated_assembly"
"279","313431.0",16,"GCF_900108555.1_IMG-taxon_2593339145_annotated_assembly"
"289","318732.1",16,"GCF_000371445.1_Clos_hath_12489931_V1"
"430","827522.0",16,"GCF_900109435.1_IMG-taxon_2593339146_annotated_assembly"
"526","denovo2073.0",16,"GCF_000970735.1_ASM97073v1"
"545","denovo2609.0",16,"GCF_001717525.1_ASM171752v1"
"110","185222.0",15,"GCF_001481725.1_ASM148172v1"
"207","264155.1",15,"GCF_001553145.1_ASM155314v1"
"292","319219.0",15,"GCF_900115855.1_IMG-taxon_2623620476_annotated_assembly"
"379","4424327.0",15,"GCF_900142165.1_IMG-taxon_2585428171_annotated_assembly"
"427","730939.1",15,"GCF_900104335.1_IMG-taxon_2593339244_annotated_assembly"
"506","denovo13345.0",15,"GCF_002232035.1_ASM223203v1"
"700","denovo902.1",15,"GCF_900112155.1_IMG-taxon_2593339152_annotated_assembly"
"20","133892.0",14,"GCF_000498675.1_ASM49867v1"
"30","160140.0",14,"GCF_900102235.1_IMG-taxon_2593339165_annotated_assembly"
"57","172640.0",14,"GCF_900106615.1_IMG-taxon_2651870364_annotated_assembly"
"95","181344.0",14,"GCF_900109005.1_IMG-taxon_2617270830_annotated_assembly"
"191","262258.0",14,"GCF_900119075.1_IMG-taxon_2593339237_annotated_assembly"
"354","4339832.0",14,"GCF_000424105.1_ASM42410v1"
"400","4476780.0",14,"GCF_900021155.1_CHCKI003"
"547","denovo273.0",14,"GCF_001050435.1_ASM105043v1"
"644","denovo6615.0",14,"GCF_900115795.1_IMG-taxon_2593339157_annotated_assembly"
"671","denovo7933.1",14,"GCF_900104615.1_PRJEB16353"
"7","1107652.0",13,"GCF_900107675.1_IMG-taxon_2693429854_annotated_assembly"
"27","146564.0",13,"GCF_001692755.1_ASM169275v1"
"56","172161.1",13,"GCF_000622105.1_ASM62210v1"
"81","179343.0",13,"GCF_000953535.1_E5B"
"89","180535.0",13,"GCF_002549905.1_ASM254990v1"
"176","259846.0",13,"GCF_900115355.1_IMG-taxon_2623620483_annotated_assembly"
"223","268720.0",13,"GCF_000154345.1_ASM15434v1"
"437","835900.0",13,"GCF_000243215.1_Odor_lane_YIT_12061_V1"
"638","denovo6356.0",13,"GCF_900112085.1_IMG-taxon_2651870361_annotated_assembly"
"694","denovo8808.1",13,"GCF_900110975.1_IMG-taxon_2593339164_annotated_assembly"
"713","denovo9564.0",13,"GCF_900128905.1_IMG-taxon_2695420932_annotated_assembly"
"21","134065.0",12,"GCF_000621565.1_ASM62156v1"
"24","136633.0",12,"GCF_900110635.1_IMG-taxon_2593339258_annotated_assembly"
"37","164237.0",12,"GCF_900120295.1_PRJEB18018"
"43","167509.0",12,"GCF_000403435.2_Osci_bact_1-3_V1"
"64","174959.0",12,"GCF_900113385.1_IMG-taxon_2608642107_annotated_assembly"
"112","187028.0",12,"GCF_000766005.1_ASM76600v1"
"114","187223.0",12,"GCF_000621285.1_ASM62128v1"
"116","187400.0",12,"GCF_000158655.1_ASM15865v1"
"214","267042.0",12,"GCF_900099715.1_IMG-taxon_2593339241_annotated_assembly"
"270","304047.0",12,"GCF_001682215.1_ASM168221v1"
"321","340139.0",12,"GCF_000403275.1_Lach_bact_28-4_V1"
"348","4312974.0",12,"GCF_002000665.1_ASM200066v1"
"391","4449984.0",12,"GCF_000621925.1_ASM62192v1"
"598","denovo4581.0",12,"GCF_000427365.1_ASM42736v1"
"600","denovo4607.0",12,"GCF_900103495.1_IMG-taxon_2593339220_annotated_assembly"
"631","denovo5877.0",12,"GCF_000224655.1_Bilophila_sp_4_1_30_V1"
"675","denovo8158.0",12,"GCF_000621945.1_ASM62194v1"
"15","129394.0",11,"GCF_000622085.1_ASM62208v1"
"47","168517.0",11,"GCF_000238055.2_Oribacterium_sp_ACB1_V2"
"87","179927.0",11,"GCF_000468015.1_ASM46801v1"
"174","259087.0",11,"GCF_900102065.1_IMG-taxon_2593339154_annotated_assembly"
"213","26608.0",11,"GCF_001012685.1_IM18-3v1"
"404","460611.0",11,"GCF_000424405.1_ASM42440v1"
"409","539647.0",11,"GCF_002253685.1_ASM225368v1"
"410","548775.0",11,"GCF_900095795.1_E5A"
"432","827592.1",11,"GCF_000331995.1_ASM33199v1"
"439","837859.1",11,"GCF_900169665.1_PRJEB19993"
"467","denovo10718.0",11,"GCF_900103315.1_IMG-taxon_2623620459_annotated_assembly"
"540","denovo2511.0",11,"GCF_000160135.1_ASM16013v1"
"567","denovo3630.0",11,"GCF_900070325.1_SD1D"
"573","denovo3874.0",11,"GCF_900114465.1_IMG-taxon_2619618822_annotated_assembly"
"620","denovo5418.0",11,"GCF_000702825.1_ASM70282v1"
"624","denovo5602.0",11,"GCF_000185705.2_Bilo_wads_3_1_6_V2"
"2","10512.0",10,"GCF_000055945.1_ASM5594v1"
"23","136604.0",10,"GCF_000424425.1_ASM42442v1"
"82","179464.0",10,"GCF_900114365.1_IMG-taxon_2651870357_annotated_assembly"
"96","181348.0",10,"GCF_900142955.1_IMG-taxon_2588253509_annotated_assembly"
"98","181719.0",10,"GCF_000009925.1_ASM992v1"
"106","184451.0",10,"GCF_000701545.1_ASM70154v1"
"115","187233.0",10,"GCF_002706705.1_ASM270670v1"
"200","263687.0",10,"GCF_900107545.1_IMG-taxon_2593339240_annotated_assembly"
"201","263828.0",10,"GCF_000621405.1_ASM62140v1"
"244","272953.0",10,"GCF_000469425.1_ASM46942v1"
"334","358007.1",10,"GCF_000425525.1_ASM42552v1"
"353","4336940.0",10,"GCF_900143025.1_IMG-taxon_2623620473_annotated_assembly"
"375","4407703.0",10,"GCF_000156655.1_ASM15665v1"
"381","4440624.0",10,"GCF_000424005.1_ASM42400v1"
"402","45363.0",10,"GCF_900120005.1_PRJEB18022"
"587","denovo4376.1",10,"GCF_900128495.1_PRJEB18049"
"608","denovo4995.1",10,"GCF_001436015.1_ASM143601v1"
"74","176850.0",9,"GCF_000185385.1_ASM18538v1"
"163","228140.0",9,"GCF_900142645.1_IMG-taxon_2642422560_annotated_assembly"
"231","269828.0",9,"GCF_000238075.1_Oribacterium_sp_ACB7_V1"
"428","782953.0",9,"GCF_900196675.1_F2_97"
"450","denovo10305.0",9,"GCF_900067125.1_ASM90006712v1"
"457","denovo10471.0",9,"GCF_900167225.1_IMG-taxon_2585428092_annotated_assembly"
"492","denovo12532.0",9,"GCF_000331715.1_ASM33171v1"
"4","1105328.0",8,"GCF_900199595.1_IMG-taxon_2623620511_annotated_assembly"
"99","181719.1",8,"GCF_000374365.1_ASM37436v1"
"159","1992.0",8,"GCF_900095495.1_B_ovatus_V975"
"166","229455.0",8,"GCF_000022065.1_ASM2206v1"
"202","263828.1",8,"GCF_900129165.1_IMG-taxon_2582581271_annotated_assembly"
"211","2645488.0",8,"GCF_000686665.1_ASM68666v1"
"232","270030.0",8,"GCF_900119535.1_IMG-taxon_2606217757_annotated_assembly"
"322","340960.0",8,"GCF_001435065.1_ASM143506v1"
"333","358007.0",8,"GCF_900104565.1_PRJEB16354"
"414","609589.0",8,"GCF_000586615.1_RaSY3"
"425","70830.1",8,"GCF_900081375.1_12641_2_43"
"491","denovo12477.1",8,"GCF_001688845.2_ASM168884v2"
"494","denovo12694.0",8,"GCF_000621845.1_ASM62184v1"
"538","denovo2417.0",8,"GCF_000179595.2_ASM17959v2"
"605","denovo4967.0",8,"GCF_001078315.1_ASM107831v1"
"657","denovo7302.0",8,"GCF_000469565.1_ASM46956v1"
"692","denovo8803.0",8,"GCF_900128445.1_PRJEB18031"
"79","178480.0",7,"GCF_900119155.1_IMG-taxon_2593339149_annotated_assembly"
"103","182764.0",7,"GCF_900234395.1_JOUY54_assembly_v1"
"136","192316.0",7,"GCF_001553215.1_ASM155321v1"
"179","260201.0",7,"GCF_000160635.1_ASM16063v1"
"254","2883968.1",7,"GCF_001688705.2_ASM168870v2"
"337","373939.0",7,"GCF_900155365.1_PRJEB18748"
"343","3957916.0",7,"GCF_001414325.1_ASM141432v1"
"361","4372003.0",7,"GCF_000969845.1_Para_sp_HGS0025_V1"
"373","4397402.0",7,"GCF_001981595.1_ASM198159v1"
"377","4417539.0",7,"GCF_000621805.1_ASM62180v1"
"389","4449518.0",7,"GCF_000265365.1_ASM26536v1"
"399","4474255.0",7,"GCF_000205025.1_ASM20502v1"
"405","47365.0",7,"GCF_000214785.1_ASM21478v1"
"525","denovo1959.0",7,"GCF_900162725.1_PRJEB18272"
"653","denovo717.0",7,"GCF_000312405.1_ASM31240v1"
"688","denovo8648.0",7,"GCF_000270085.1_ASM27008v1"
"699","denovo902.0",7,"GCF_000518765.1_ASM51876v1"
"709","denovo944.1",7,"GCF_000424605.1_ASM42460v1"
"113","1871227.0",6,"GCF_000404205.1_ASM40420v1"
"142","192777.0",6,"GCF_000185825.1_ASM18582v1"
"158","197875.0",6,"GCF_000209385.2_Lach_bact_2_1_46_FAA_V2"
"219","267536.0",6,"GCF_900142105.1_IMG-taxon_2585428153_annotated_assembly"
"308","331878.0",6,"GCF_000702085.1_ASM70208v1"
"435","832848.0",6,"GCF_900103815.1_IMG-taxon_2657245269_annotated_assembly"
"597","denovo4573.0",6,"GCF_001487125.1_Sanguibacteroides_massiliensis"
"662","denovo7705.0",6,"GCF_000160075.2_ASM16007v2"
"663","denovo7720.0",6,"GCF_000379945.1_ASM37994v1"
"63","174824.0",5,"GCF_000424365.1_ASM42436v1"
"80","178546.0",5,"GCF_000467855.2_ASM46785v2"
"92","180879.0",5,"GCF_000383295.1_ASM38329v1"
"135","191948.1",5,"GCF_000144625.1_ASM14462v1"
"184","261114.0",5,"GCF_000160115.1_ASM16011v1"
"186","261315.0",5,"GCF_900116395.1_IMG-taxon_2595698216_annotated_assembly"
"194","262326.1",5,"GCF_000621425.1_ASM62142v1"
"338","375106.0",5,"GCF_900111435.1_IMG-taxon_2654588206_annotated_assembly"
"358","4354103.0",5,"GCF_001436945.1_ASM143694v1"
"429","816702.0",5,"GCF_900018625.1_13566_1_59"
"528","denovo2181.0",5,"GCF_900113645.1_IMG-taxon_2619618836_annotated_assembly"
"549","denovo2795.0",5,"GCF_001244405.1_Eubacterium_massiliense"
"592","denovo4456.1",5,"GCF_900107655.1_IMG-taxon_2654588113_annotated_assembly"
"33","162576.0",4,"GCF_000158075.1_ASM15807v1"
"61","174573.0",4,"GCF_001808555.1_ASM180855v1"
"125","189840.0",4,"GCF_000154385.1_ASM15438v1"
"177","259983.0",4,"GCF_000702245.1_ASM70224v1"
"188","262095.0",4,"GCF_001580115.1_ASM158011v1"
"277","313069.0",4,"GCF_900100105.1_IMG-taxon_2593339210_annotated_assembly"
"278","313069.1",4,"GCF_900103685.1_IMG-taxon_2623620481_annotated_assembly"
"329","354913.0",4,"GCF_000967245.1_ASM96724v1"
"418","649107.1",4,"GCF_900142215.1_IMG-taxon_2585428173_annotated_assembly"
"431","827592.0",4,"GCF_000237085.1_ASM23708v1"
"465","denovo10697.0",4,"GCF_900111525.1_IMG-taxon_2606217815_annotated_assembly"
"542","denovo2533.0",4,"GCF_900112795.1_IMG-taxon_2693429893_annotated_assembly"
"568","denovo3637.0",4,"GCF_001580195.1_ASM158019v1"
"599","denovo4594.0",4,"GCF_001553405.1_ASM155340v1"
"714","denovo9569.0",4,"GCF_001403595.1_Gabonia_massiliensis"
"6","1107303.0",3,"GCF_000157975.1_ASM15797v1"
"62","174805.0",3,"GCF_900116075.1_IMG-taxon_2654588129_annotated_assembly"
"109","184966.0",3,"GCF_001689125.2_ASM168912v2"
"117","187400.1",3,"GCF_900113995.1_IMG-taxon_2593339255_annotated_assembly"
"130","191318.0",3,"GCF_000018685.1_ASM1868v1"
"240","271602.0",3,"GCF_900115365.1_IMG-taxon_2634166351_annotated_assembly"
"257","289315.1",3,"GCF_900100245.1_IMG-taxon_2606217752_annotated_assembly"
"269","303652.0",3,"GCF_001115565.1_6259_7_5"
"378","4421276.0",3,"GCF_001466305.1_ASM146630v1"
"416","637934.0",3,"GCF_001750685.1_ASM175068v1"
"421","665703.0",3,"GCF_001678845.1_ASM167884v1"
"433","828435.0",3,"GCF_000158555.2_Erys_bact_D7_V2"
"441","839200.0",3,"GCF_900143645.1_IMG-taxon_2582580727_annotated_assembly"
"472","denovo11146.0",3,"GCF_900168165.1_IMG-taxon_2595698211_annotated_assembly"
"539","denovo2465.0",3,"GCF_001647615.1_ASM164761v1"
"604","denovo4917.0",3,"GCF_900232875.1_PRJEB23011"
"665","denovo7784.0",3,"GCF_000160675.1_ASM16067v1"
"666","denovo7784.1",3,"GCF_001073445.1_ASM107344v1"
"16","132338.0",2,"GCF_900105615.1_IMG-taxon_2675902961_annotated_assembly"
"126","190114.0",2,"GCF_000621765.1_ASM62176v1"
"134","191948.0",2,"GCF_000702685.1_ASM70268v1"
"218","267451.0",2,"GCF_001261775.1_Anaeromassilibacillus_senegalense"
"246","273954.1",2,"GCF_000875945.1_TWA4_1"
"298","322900.1",2,"GCF_000621905.1_ASM62190v1"
"309","3319464.0",2,"GCF_000345685.2_ASM34568v2"
"324","344828.0",2,"GCF_000195315.1_ASM19531v1"
"349","4315396.0",2,"GCF_900101835.1_IMG-taxon_2634166305_annotated_assembly"
"364","4378740.0",2,"GCF_000243015.1_Prev_macu_OT_289_V1"
"365","4378740.1",2,"GCF_000184945.1_ASM18494v1"
"386","4444771.1",2,"GCF_000455285.1_Sm_AP9"
"394","4460109.0",2,"GCF_900167215.1_IMG-taxon_2585428116_annotated_assembly"
"422","675509.0",2,"GCF_000091345.1_ASM9134v1"
"423","676211.1",2,"GCF_001034445.1_Citr_freu_complex_MGH99_V1"
"442","851733.0",2,"GCF_002217985.1_ASM221798v1"
"449","denovo10247.0",2,"GCF_900113005.1_IMG-taxon_2663762719_annotated_assembly"
"552","denovo2950.0",2,"GCF_000225705.1_Coll_tana_YIT_12063_V1"
"641","denovo6472.0",2,"GCF_002201795.1_ASM220179v1"
"642","denovo6551.0",2,"GCF_000746155.1_ASM74615v1"
"708","denovo944.0",2,"GCF_900119285.1_IMG-taxon_2593339271_annotated_assembly"
"10","1109178.1",1,"GCF_001282705.1_Dorea_massiliensis"
"14","1141335.0",1,"GCF_000259235.1_ASM25923v1"
"22","134065.1",1,"GCF_000160035.2_ASM16003v2"
"44","167509.1",1,"GCF_000307265.1_ASM30726v1"
"171","233991.1",1,"GCF_000156515.1_ASM15651v1"
"193","262326.0",1,"GCF_900184995.1_PRJEB20927"
"215","267123.0",1,"GCF_900176655.1_PRJEB20374"
"253","2883968.0",1,"GCF_000621785.1_ASM62178v1"
"290","318764.0",1,"GCF_001012735.1_IM1v1"
"328","351309.0",1,"GCF_900112775.1_IMG-taxon_2599185221_annotated_assembly"
"339","381666.0",1,"GCF_001592745.1_ASM159274v1"
"345","4094866.0",1,"GCF_001561955.1_ASM156195v1"
"376","4413214.0",1,"GCF_000410615.1_ASM41061v1"
"383","4443094.0",1,"GCF_000621505.1_ASM62150v1"
"401","4480176.0",1,"GCF_900100595.1_IMG-taxon_2593339217_annotated_assembly"
"456","denovo10394.0",1,"GCF_000585355.1_ASM58535v1"
"476","denovo11257.0",1,"GCF_000620125.1_ASM62012v1"
"498","denovo1277.0",1,"GCF_900141865.1_IMG-taxon_2585428091_annotated_assembly"
"507","denovo13353.0",1,"GCF_000006625.1_ASM662v1"
"524","denovo193.0",1,"GCF_000231275.1_Alis_indi_YIT_V1"
"602","denovo4689.0",1,"GCF_900111595.1_IMG-taxon_2606217760_annotated_assembly"
"629","denovo5795.0",1,"GCF_000622005.1_ASM62200v1"
"648","denovo6811.0",1,"GCF_001815865.1_ASM181586v1"
"651","denovo6995.1",1,"GCF_000621985.1_ASM62198v1"
"658","denovo7309.0",1,"GCF_001437085.1_ASM143708v1"
