sample_id_bowtie	Bin_ID_bowtie	Most_abundant_genome_bowtie	Purity_bp_bowtie	Completeness_bp_bowtie	Bin_size__bp__bowtie	True_positives__bp_bowtie	True_size_of_most_abundant_genome__bp_bowtie	Purity__seq_bowtie	Completeness__seq_bowtie	Bin_size__seq_bowtie	True_positives__seq_bowtie	True_size_of_most_abundant_genome__seq_bowtie
gsa_pooled	MetaBAT.98.fa	3265889	1	1	2782452	2782452	2782452	1	1	11	11	11
gsa_pooled	367.fa	4402042	0.99361525	1	6670582	6627992	6627992	0.992125984	1	127	126	126
gsa_pooled	MetaBAT.109_sub.fa	269125	0.90354072	1	3325849	3005040	3005040	0.333333333	1	3	1	1
gsa_pooled	472.fa	375106	1	1	2914865	2914865	2914865	1	1	10	10	10
gsa_pooled	MetaBAT.151_sub.fa	177917	0.948357182	1	2467255	2339839	2339839	0.1	1	20	2	2
gsa_pooled	444.fa	134065	0.99956117	1	3716698	3715067	3715067	0.973684211	1	38	37	37
gsa_pooled	MetaBAT.155.fa	denovo8298.0	0.996093637	1	3568793	3554852	3554852	0.166666667	1	6	1	1
gsa_pooled	437.fa	263992.1	1	1	4165854	4165854	4165854	1	1	72	72	72
gsa_pooled	407.fa	267042	0.997150112	1	3015206	3006613	3006613	0.925373134	1	67	62	62
gsa_pooled	402.fa	175758	0.995251957	1	3382025	3365967	3365967	0.829787234	1	47	39	39
gsa_pooled	393.fa	194490	0.951645662	1	4060918	3864555	3864555	0.380952381	1	84	32	32
gsa_pooled	390_sub.fa	192598	0.958637485	1	3521812	3376141	3376141	0.175438596	1	57	10	10
gsa_pooled	359.fa	133892	1	1	1887238	1887238	1887238	1	1	1	1	1
gsa_pooled	515.fa	denovo4581.0	1	1	2879945	2879945	2879945	1	1	3	3	3
gsa_pooled	358.fa	166664	0.981749378	1	3513798	3449669	3449669	0.2	1	5	1	1
gsa_pooled	350.fa	192673	0.982004269	1	7357745	7225337	7225337	0.029411765	1	34	1	1
gsa_pooled	MetaBAT.353.fa	405780	1	1	3008574	3008574	3008574	1	1	1	1	1
gsa_pooled	30_sub.fa	4471135	0.95501997	1	4936235	4714203	4714203	0.024390244	1	41	1	1
gsa_pooled	28_sub.fa	168517	0.999410596	1	2471990	2470533	2470533	0.8	1	5	4	4
gsa_pooled	283_sub.fa	2883968	0.587613125	1	6180461	3631720	3631720	0.112426036	1	338	38	38
gsa_pooled	MetaBAT.3.fa	1995182	1	1	1991959	1991959	1991959	1	1	1	1	1
gsa_pooled	MetaBAT.411.fa	4355314	1	1	5351597	5351597	5351597	1	1	40	40	40
gsa_pooled	MetaBAT.426.fa	183958	0.838944262	1	2873440	2410656	2410656	0.04	1	25	1	1
gsa_pooled	MetaBAT.430.fa	denovo10721.0	1	1	2186353	2186353	2186353	1	1	1	1	1
gsa_pooled	99_sub.fa	denovo8255.1	0.708341502	1	2519762	1784852	1784852	0.086956522	1	115	10	10
gsa_pooled	79_sub.fa	denovo9521.0	0.687488716	1	4608464	3168267	3168267	0.017857143	1	112	2	2
gsa_pooled	225.fa	276629	0.859013004	1	2842404	2441662	2441662	0.024390244	1	41	1	1
gsa_pooled	688.fa	351309	1	1	4218314	4218314	4218314	1	1	55	55	55
gsa_pooled	640.fa	4094866	0.992727586	1	3143248	3120389	3120389	0.0625	1	16	1	1
gsa_pooled	633.fa	192222	1	1	3553494	3553494	3553494	1	1	13	13	13
gsa_pooled	654.fa	denovo7143.0	0.989169571	1	4674330	4623705	4623705	0.733333333	1	30	22	22
gsa_pooled	659.fa	denovo9909.0	0.984997316	1	3263616	3214653	3214653	0.641025641	1	39	25	25
gsa_pooled	664.fa	573135	1	1	7909964	7909964	7909964	1	1	1	1	1
gsa_pooled	670.fa	229455	1	1	4068710	4068710	4068710	1	1	1	1	1
gsa_pooled	59_sub.fa	342685	0.639751349	1	4700248	3006990	3006990	0.008130081	1	123	1	1
gsa_pooled	593.fa	835900	1	1	3753279	3753279	3753279	1	1	41	41	41
gsa_pooled	58_sub.fa	827592	0.931890766	1	5255631	4897674	4897674	0.014925373	1	67	1	1
gsa_pooled	682.fa	381666	1	1	3754188	3754188	3754188	1	1	24	24	24
gsa_pooled	696.fa	1141335	0.999073369	1	1609055	1607564	1607564	0.666666667	1	3	2	2
gsa_pooled	740.fa	2897325	1	1	3544193	3544193	3544193	1	1	28	28	28
gsa_pooled	706.fa	1992	0.98140686	1	6597971	6475294	6475294	0.011494253	1	87	1	1
gsa_pooled	719.fa	344828	1	1	2115674	2115674	2115674	1	1	1	1	1
gsa_pooled	720.fa	289315.1	1	1	2591084	2591084	2591084	1	1	25	25	25
gsa_pooled	726.fa	denovo10506.0	0.997496826	1	3346951	3338573	3338573	0.333333333	1	6	2	2
gsa_pooled	727.fa	denovo10394.0	0.991537525	1	3315933	3287872	3287872	0.181818182	1	11	2	2
gsa_pooled	54_sub.fa	denovo9703.0	0.792387712	1	3109315	2463783	2463783	0.003194888	1	313	1	1
gsa_pooled	736.fa	1871	0.998609333	1	2320470	2317243	2317243	0.951219512	1	41	39	39
gsa_pooled	536.fa	4440624	0.999650022	1	3271632	3270487	3270487	0.944444444	1	18	17	17
gsa_pooled	737.fa	190026	1	1	5047604	5047604	5047604	1	1	46	46	46
gsa_pooled	738.fa	354913	1	1	1789988	1789988	1789988	1	1	17	17	17
gsa_pooled	MetaBAT.444.fa	1871227	0.990113914	1	1770367	1752865	1752865	0.5	1	2	1	1
gsa_pooled	3_sub.fa	463794.1	0.631059439	1	3261688	2058319	2058319	0.003521127	1	284	1	1
gsa_pooled	643.fa	191318	0.999704476	1	4849021	4847588	4847588	0.5	1	2	1	1
gsa_pooled	MetaBAT.550.fa	185222	1	1	4150294	4150294	4150294	1	1	2	2	2
gsa_pooled	MetaBAT.483.fa	197875	1	1	2218221	2218221	2218221	1	1	9	9	9
gsa_pooled	178_sub.fa	637934	0.998056286	1	5828532	5817203	5817203	0.222222222	1	9	2	2
gsa_pooled	16_sub.fa	168984	0.942847838	1	4707066	4438047	4438047	0.868852459	1	61	53	53
gsa_pooled	167_sub.fa	174824	0.988752642	1	4136349	4089826	4089826	0.892857143	1	84	75	75
gsa_pooled	201_sub.fa	228730.1	0.882621783	1	2688003	2372490	2372490	0.016949153	1	59	1	1
gsa_pooled	MetaBAT.528.fa	denovo3535.0	1	1	2480236	2480236	2480236	1	1	3	3	3
gsa_pooled	MetaBAT.538_sub.fa	denovo12370.0	0.770709217	1	3551595	2737247	2737247	0.035714286	1	56	2	2
gsa_pooled	MetaBAT.473.fa	190673	0.938078797	1	2508866	2353514	2353514	0.111111111	1	9	1	1
gsa_pooled	137.fa	187233	0.920032561	1	3411476	3138669	3138669	0.108695652	1	46	5	5
gsa_pooled	MetaBAT.536.fa	822112	1	1	4916615	4916615	4916615	1	1	1	1	1
gsa_pooled	125_sub.fa	2883968.1	0.76602152	1	4964401	3802838	3802838	0.013888889	1	72	1	1
gsa_pooled	215_sub.fa	4405128	0.901190455	1	4197722	3782947	3782947	0.043478261	1	23	1	1
gsa_pooled	MetaBAT.6_sub.fa	184966	1	1	5128746	5128746	5128746	1	1	1	1	1
gsa_pooled	181_sub.fa	192316.1	0.942994187	1	2625855	2476166	2476166	0.016129032	1	62	1	1
gsa_pooled	MetaBAT.57.fa	4449518	1	1	3734239	3734239	3734239	1	1	1	1	1
gsa_pooled	8_sub.fa	827522	1	0.999917348	3556803	3556803	3557097	1	0.981481481	53	53	54
gsa_pooled	667.fa	267451	1	0.999739885	3509075	3509075	3509988	1	0.944444444	17	17	18
gsa_pooled	351.fa	180972	0.999646122	0.999733983	4699361	4697698	4698948	0.987654321	0.975609756	81	80	82
gsa_pooled	511.fa	263687	0.999513423	0.999733294	3660267	3658486	3659462	0.978723404	0.978723404	47	46	47
gsa_pooled	363.fa	308734	0.999158747	0.999719095	4042777	4039376	4040511	0.928571429	0.928571429	14	13	14
gsa_pooled	657.fa	184451	1	0.99968201	2757069	2757069	2757946	1	0.952380952	20	20	21
gsa_pooled	666.fa	675509	0.997511852	0.999661015	1578684	1574756	1575290	0.933333333	0.954545455	45	42	44
gsa_pooled	668.fa	denovo8803.0	0.98327935	0.999641765	2676152	2631405	2632348	0.285714286	0.857142857	21	6	7
gsa_pooled	500.fa	1105328	0.997434643	0.999529127	3496589	3487619	3489262	0.928571429	0.981132075	56	52	53
gsa_pooled	MetaBAT.488.fa	1571092	1	0.999473778	2767337	2767337	2768794	1	0.833333333	5	5	6
gsa_pooled	420.fa	163997	0.997911714	0.99946896	2947872	2941716	2943279	0.666666667	0.888888889	12	8	9
gsa_pooled	311_sub.fa	269828	0.985204472	0.999416537	2550568	2512831	2514298	0.740740741	0.909090909	27	20	22
gsa_pooled	731.fa	727945	0.999245699	0.999374327	2284235	2282512	2283941	0.96	0.96	25	24	25
gsa_pooled	514.fa	134065.1	0.999530017	0.999364162	3476722	3475088	3477299	0.96	0.923076923	25	24	26
gsa_pooled	677_sub.fa	832848	0.990069072	0.999335912	2726734	2699655	2701449	0.470588235	0.941176471	34	16	17
gsa_pooled	427.fa	167420	1	0.999312915	2603420	2603420	2605210	1	0.944444444	17	17	18
gsa_pooled	MetaBAT.451.fa	4372003	1	0.999261421	6736346	6736346	6741325	1	0.944444444	17	17	18
gsa_pooled	MetaBAT.116.fa	4336940	1	0.999192625	3670668	3670668	3673634	1	0.930232558	40	40	43
gsa_pooled	MetaBAT.369.fa	228140	1	0.999182613	4437353	4437353	4440983	1	0.911764706	31	31	34
gsa_pooled	65_sub.fa	665703	0.972213737	0.999150745	3110026	3023610	3026180	0.731707317	0.857142857	41	30	35
gsa_pooled	679.fa	denovo4615.0	0.995106334	0.999104024	2830598	2816746	2819272	0.918367347	0.957446809	49	45	47
gsa_pooled	603.fa	259983	1	0.999093811	2891918	2891918	2894541	1	0.894736842	17	17	19
gsa_pooled	298_sub.fa	262258	0.995993871	0.999059832	3373581	3360066	3363228	0.807692308	0.913043478	26	21	23
gsa_pooled	614.fa	261114	1	0.99905069	2166885	2166885	2168944	1	0.7	7	7	10
gsa_pooled	510.fa	259993	0.997040563	0.998901163	1740534	1735383	1737292	0.916666667	0.785714286	12	11	14
gsa_pooled	32_sub.fa	denovo4594.1	0.905946705	0.998878265	2699108	2445248	2447994	0.68627451	0.921052632	51	35	38
gsa_pooled	MetaBAT.558.fa	180879	1	0.998801957	3168874	3168874	3172675	1	0.923076923	24	24	26
gsa_pooled	44.fa	831178	0.862792648	0.998799227	6210571	5358435	5364877	0.298245614	0.693877551	114	34	49
gsa_pooled	42_sub.fa	45363	0.964416422	0.998673038	3809763	3674198	3679080	0.240963855	0.8	83	20	25
gsa_pooled	734.fa	denovo8808.1	1	0.998608039	2338042	2338042	2341301	1	0.94	47	47	50
gsa_pooled	735.fa	4417539	1	0.99858821	2399232	2399232	2402624	1	0.971428571	34	34	35
gsa_pooled	733.fa	4443094	1	0.998583466	6112606	6112606	6121277	1	0.946808511	89	89	94
gsa_pooled	MetaBAT.34.fa	172161.1	0.99093288	0.998461396	2550093	2526971	2530865	0.6	0.75	15	9	12
gsa_pooled	MetaBAT.56.fa	164237	1	0.998363604	2939458	2939458	2944276	1	0.833333333	10	10	12
gsa_pooled	MetaBAT.396.fa	181348	1	0.998128398	5206625	5206625	5216388	1	0.8125	39	39	48
gsa_pooled	MetaBAT.542.fa	4394913	1	0.998109745	3708348	3708348	3715371	1	0.5	4	4	8
gsa_pooled	MetaBAT.404.fa	271602	1	0.997884928	4610402	4610402	4620174	1	0.931818182	82	82	88
gsa_pooled	85_sub.fa	denovo3878.0	0.982909894	0.997744894	2401448	2360407	2365742	0.756097561	0.885714286	41	31	35
gsa_pooled	189_sub.fa	231021	0.990504315	0.997732718	3853645	3817052	3825726	0.846153846	0.88	52	44	50
gsa_pooled	MetaBAT.94.fa	3997242	0.995128525	0.997638506	7102366	7067767	7084497	0.933333333	0.933333333	15	14	15
gsa_pooled	MetaBAT.459.fa	1107652	1	0.99748464	3479395	3479395	3488169	1	0.772727273	17	17	22
gsa_pooled	MetaBAT.308.fa	319702	1	0.997324838	3409712	3409712	3418858	1	0.915254237	54	54	59
gsa_pooled	448.fa	268844	1	0.997304495	3042781	3042781	3051005	1	0.936170213	44	44	47
gsa_pooled	308_sub.fa	1107303	0.944479996	0.997278437	3764535	3555528	3565231	0.770034843	0.948497854	287	221	233
gsa_pooled	497.fa	194787	0.996756884	0.997092981	2898447	2889047	2897470	0.913043478	0.84	23	21	25
gsa_pooled	645.fa	1109178.1	0.989916931	0.997012384	3551498	3515688	3526223	0.942105263	0.922680412	190	179	194
gsa_pooled	MetaBAT.140.fa	173916	1	0.996887275	7227672	7227672	7250240	1	0.833333333	20	20	24
gsa_pooled	53_sub.fa	4334624	0.825122933	0.996524473	4371488	3607015	3619595	0.49137931	0.838235294	116	57	68
gsa_pooled	MetaBAT.443.fa	181344	0.998892155	0.996169778	2502155	2499383	2508993	0.909090909	0.666666667	11	10	15
gsa_pooled	611.fa	184470	0.988265437	0.996041014	2596688	2566217	2576417	0.875	0.918032787	64	56	61
gsa_pooled	MetaBAT.462.fa	3957916	1	0.996002267	3588140	3588140	3602542	1	0.59375	19	19	32
gsa_pooled	MetaBAT.387.fa	1111580	1	0.995810194	3164399	3164399	3177713	1	0.8	12	12	15
gsa_pooled	289_sub.fa	denovo9564.0	0.984974441	0.995764477	4157649	4095178	4112597	0.96	0.895522388	125	120	134
gsa_pooled	110_sub.fa	175613	0.994765959	0.995353316	4736493	4711702	4733698	0.846938776	0.965116279	98	83	86
gsa_pooled	MetaBAT.403.fa	1678333.1	1	0.995294435	3794144	3794144	3812082	1	0.941176471	48	48	51
gsa_pooled	672_sub.fa	322900.1	0.998082019	0.995286267	3361347	3354900	3370789	0.948275862	0.948275862	58	55	58
gsa_pooled	408.fa	262633	0.996766126	0.995102502	4182290	4168765	4189282	0.920454545	0.920454545	88	81	88
gsa_pooled	570.fa	178546	1	0.994816085	2138007	2138007	2149148	1	0.840336134	100	100	119
gsa_pooled	622.fa	denovo1874.0	0.991868704	0.994750988	6311663	6260341	6293375	0.333333333	0.5	3	1	2
gsa_pooled	385.fa	4469576	0.998095873	0.994432031	3527075	3520359	3540070	0.98816568	0.976608187	169	167	171
gsa_pooled	234_sub.fa	264359.1	0.70254772	0.994420212	4182328	2938285	2954772	0.265116279	0.826086957	215	57	69
gsa_pooled	680.fa	1108078	0.985104631	0.993801745	2934402	2890693	2908722	0.704545455	0.861111111	44	31	36
gsa_pooled	692.fa	10518	1	0.993706404	3757664	3757664	3781463	1	0.93258427	83	83	89
gsa_pooled	MetaBAT.146.fa	181719	0.995918024	0.993651841	5298904	5277274	5310989	0.2	0.5	5	1	2
gsa_pooled	155_sub.fa	1109559	0.861848416	0.993549821	3491585	3009217	3028753	0.71559633	0.829787234	109	78	94
gsa_pooled	MetaBAT.509_sub.fa	182764	0.996713752	0.993435697	2004718	1998130	2011333	0.666666667	0.666666667	3	2	3
gsa_pooled	704_sub.fa	denovo4456.1	0.989840031	0.993378879	3343219	3309252	3331309	0.64516129	0.8	31	20	25
gsa_pooled	MetaBAT.340.fa	180944	1	0.993242466	4542803	4542803	4573710	1	0.782608696	36	36	46
gsa_pooled	89_sub.fa	270730	0.996409918	0.993228839	3751446	3737978	3763461	0.982857143	0.92722372	350	344	371
gsa_pooled	487.fa	26608	1	0.992911987	1673995	1673995	1685945	1	0.79047619	83	83	105
gsa_pooled	MetaBAT.402.fa	136604	0.996209664	0.992765807	4300146	4283847	4315063	0.93442623	0.838235294	61	57	68
gsa_pooled	162_sub.fa	522433	0.670080862	0.992765196	6760890	4530343	4563358	0.602787456	0.935135135	287	173	185
gsa_pooled	MetaBAT.377.fa	193418	1	0.992396925	3753398	3753398	3782154	1	0.869565217	20	20	23
gsa_pooled	34_sub.fa	315496	0.989415796	0.992347908	3121444	3088406	3112221	0.588235294	0.810810811	51	30	37
gsa_pooled	279.fa	187400	0.966685041	0.99234557	3495877	3379412	3405479	0.874213836	0.952054795	159	139	146
gsa_pooled	MetaBAT.511.fa	189840	1	0.991881863	3101564	3101564	3126949	1	0.75862069	22	22	29
gsa_pooled	MetaBAT.261.fa	denovo9767.0	0.997409691	0.99183531	3887181	3877112	3909028	0.947368421	0.87804878	38	36	41
gsa_pooled	322_sub.fa	354971	0.873833371	0.991832476	4214387	3682672	3712998	0.28	0.65625	75	21	32
gsa_pooled	MetaBAT.352.fa	730939.1	1	0.991781349	3214768	3214768	3241408	1	0.75862069	22	22	29
gsa_pooled	MetaBAT.212.fa	192777	1	0.991664316	3227433	3227433	3254562	1	0.87826087	101	101	115
gsa_pooled	29_sub.fa	179343	0.933872931	0.99154882	2976784	2779938	2803632	0.8375	0.937062937	160	134	143
gsa_pooled	MetaBAT.485.fa	denovo8298.1	1	0.991503518	2705008	2705008	2728188	1	0.741935484	46	46	62
gsa_pooled	MetaBAT.164.fa	262642	0.99903535	0.991408791	2688021	2685428	2708699	0.980392157	0.793650794	51	50	63
gsa_pooled	545.fa	340960	0.98951459	0.991249043	2124285	2102011	2120568	0.958333333	0.831325301	72	69	83
gsa_pooled	485.fa	263834.1	0.990340612	0.991102116	2911468	2883345	2909231	0.962962963	0.712328767	108	104	146
gsa_pooled	575.fa	denovo5786.0	0.925240425	0.991028724	2985651	2762445	2787452	0.741935484	0.851851852	93	69	81
gsa_pooled	399_sub.fa	291950	0.717471827	0.99088751	5128462	3679527	3713365	0.025252525	0.512820513	792	20	39
gsa_pooled	MetaBAT.515.fa	166911	0.998619329	0.990587984	2080873	2078000	2097744	0.5	0.333333333	2	1	3
gsa_pooled	MetaBAT.193_sub.fa	denovo2465.0	0.812372359	0.990487532	3783062	3073255	3102770	0.168393782	0.670103093	386	65	97
gsa_pooled	MetaBAT.480.fa	denovo8648.0	1	0.990209581	1770164	1770164	1787666	1	0.666666667	2	2	3
gsa_pooled	35_sub.fa	denovo4276.0	0.907876476	0.990156375	3703560	3362375	3395802	0.876254181	0.867549669	299	262	302
gsa_pooled	175_sub.fa	denovo6356.0	0.924462893	0.989871961	3294500	3045643	3076805	0.602040816	0.951612903	98	59	62
gsa_pooled	MetaBAT.539.fa	196122	1	0.989815919	2733538	2733538	2761663	1	0.733333333	22	22	30
gsa_pooled	395_sub.fa	539647	0.999370048	0.989643451	2120796	2119460	2141640	0.98630137	0.637168142	73	72	113
gsa_pooled	150_sub.fa	denovo944.0	0.872464812	0.989477533	3167024	2763117	2792501	0.393700787	0.78125	127	50	64
gsa_pooled	MetaBAT.446_sub.fa	262326.1	0.979967678	0.989422591	3508480	3438197	3474953	0.846153846	0.88	26	22	25
gsa_pooled	MetaBAT.519.fa	176952	0.994397979	0.98937534	3064073	3046908	3079628	0.933333333	0.848484848	30	28	33
gsa_pooled	MetaBAT.371.fa	denovo10559.0	0.993527398	0.989368899	2121249	2107519	2130165	0.988372093	0.85	86	85	100
gsa_pooled	MetaBAT.294.fa	denovo8373.1	0.998229842	0.989084473	2179467	2175609	2199619	0.96	0.827586207	75	72	87
gsa_pooled	725.fa	170926	1	0.988980087	4149531	4149531	4195768	1	0.75	30	30	40
gsa_pooled	661.fa	455671	0.998467699	0.98890933	2435553	2431821	2459094	0.75	0.75	4	3	4
gsa_pooled	MetaBAT.246.fa	denovo10581.0	1	0.988661864	3463763	3463763	3503486	1	0.735632184	64	64	87
gsa_pooled	591.fa	70830.1	0.999514035	0.988654909	2827362	2825988	2858417	0.985074627	0.857142857	67	66	77
gsa_pooled	1_sub.fa	135956	0.865524596	0.988517114	3181764	2753895	2785885	0.912195122	0.816593886	205	187	229
gsa_pooled	MetaBAT.153.fa	denovo5418.0	1	0.988414854	3563965	3563965	3605738	1	0.886075949	140	140	158
gsa_pooled	506.fa	4407703	0.992676003	0.98830883	2398144	2380580	2408741	0.944055944	0.828220859	143	135	163
gsa_pooled	294_sub.fa	denovo1235.0	0.96359317	0.988269663	2578637	2484757	2514250	0.924471299	0.88184438	331	306	347
gsa_pooled	MetaBAT.255.fa	262095	1	0.98821627	3103342	3103342	3140347	1	0.75	138	138	184
gsa_pooled	484.fa	174805	0.947803876	0.988067264	4075226	3862515	3909162	0.520547945	0.873563218	146	76	87
gsa_pooled	MetaBAT.24.fa	194878	1	0.988019801	3359129	3359129	3399860	1	0.736842105	28	28	38
gsa_pooled	MetaBAT.394.fa	136633	1	0.987899915	3674962	3674962	3719974	1	0.78125	50	50	64
gsa_pooled	MetaBAT.132.fa	187028	1	0.987830199	2334061	2334061	2362816	1	0.511111111	23	23	45
gsa_pooled	606.fa	denovo4607.0	0.997861184	0.98776639	3011012	3004572	3041784	0.870967742	0.870967742	31	27	31
gsa_pooled	MetaBAT.319.fa	245324.1	1	0.987332965	2971656	2971656	3009781	1	0.733333333	22	22	30
gsa_pooled	673.fa	437137	1	0.986962144	2317093	2317093	2347702	1	0.737864078	76	76	103
gsa_pooled	MetaBAT.482.fa	174959	0.997165537	0.986812712	2812173	2804202	2841676	0.974358974	0.791666667	78	76	96
gsa_pooled	MetaBAT.131.fa	denovo6811.0	1	0.986782421	1988559	1988559	2015195	1	0.6375	51	51	80
gsa_pooled	MetaBAT.128.fa	676211	1	0.98673501	4837646	4837646	4902680	1	0.676190476	71	71	105
gsa_pooled	MetaBAT.477.fa	831301	1	0.986495653	2098514	2098514	2127241	1	0.882352941	60	60	68
gsa_pooled	493.fa	276236	0.990924279	0.986160803	2034439	2015975	2044266	0.955128205	0.871345029	156	149	171
gsa_pooled	MetaBAT.405.fa	344525	1	0.986147061	6131181	6131181	6217309	1	0.8	16	16	20
gsa_pooled	MetaBAT.123.fa	229459	1	0.98611357	2423097	2423097	2457219	1	0.85443038	135	135	158
gsa_pooled	MetaBAT.508.fa	176850	1	0.986037871	2928778	2928778	2970249	1	0.74	111	111	150
gsa_pooled	7_sub.fa	260756	0.987326126	0.985987433	5613832	5542683	5621454	0.941489362	0.842857143	188	177	210
gsa_pooled	MetaBAT.73.fa	denovo4069.0	1	0.985456096	4457145	4457145	4522926	1	0.887755102	87	87	98
gsa_pooled	MetaBAT.384.fa	4444771.1	0.995682847	0.985238	3388344	3373716	3424265	0.979865772	0.85380117	149	146	171
gsa_pooled	108_sub.fa	260456	0.993928326	0.985145739	4475372	4448199	4515270	0.883333333	0.898305085	60	53	59
gsa_pooled	MetaBAT.226_sub.fa	denovo8389.0	0.889952482	0.983884449	6700560	5963180	6060854	0.767123288	0.861538462	73	56	65
gsa_pooled	641.fa	193418.1	1	0.983823632	4825224	4825224	4904562	1	0.64	16	16	25
gsa_pooled	MetaBAT.262_sub.fa	denovo4306.0	1	0.983636932	2122478	2122478	2157786	1	0.830578512	201	201	242
gsa_pooled	434.fa	denovo3222.0	0.985237603	0.983322808	1551916	1529006	1554938	0.681818182	0.46875	22	15	32
gsa_pooled	MetaBAT.145.fa	335965	0.998665473	0.983254128	2763526	2759838	2806841	0.888888889	0.8	9	8	10
gsa_pooled	222_sub.fa	denovo3777.0	0.845385958	0.982988364	2287994	1934238	1967712	0.281481481	0.584615385	135	38	65
gsa_pooled	MetaBAT.335.fa	1111328	1	0.982905027	3206190	3206190	3261953	1	0.842105263	48	48	57
gsa_pooled	MetaBAT.363_sub.fa	denovo2417.0	0.98603829	0.982591157	6102834	6017628	6124244	0.972292191	0.873303167	397	386	442
gsa_pooled	MetaBAT.179.fa	170328	1	0.981658468	4321666	4321666	4402413	1	0.810810811	30	30	37
gsa_pooled	665.fa	373939	1	0.981289773	1838834	1838834	1873895	1	0.707317073	29	29	41
gsa_pooled	573.fa	260201	1	0.981040812	2576636	2576636	2626431	1	0.862745098	220	220	255
gsa_pooled	MetaBAT.169.fa	463794	0.981173127	0.979806282	2313236	2269685	2316463	0.333333333	0.666666667	6	2	3
gsa_pooled	538.fa	355440	0.999449907	0.979611363	4273819	4271468	4360370	0.925925926	0.714285714	27	25	35
gsa_pooled	MetaBAT.126.fa	259846	1	0.979331382	2997940	2997940	3061211	1	0.810810811	30	30	37
gsa_pooled	139_sub.fa	denovo13345.0	0.764216462	0.978782465	2878195	2199564	2247245	0.707165109	0.866412214	321	227	262
gsa_pooled	558.fa	denovo11993.0	0.999326457	0.978256145	2378469	2376867	2429698	0.985915493	0.897435897	71	70	78
gsa_pooled	460.fa	14094	0.998477257	0.977341921	4284375	4277851	4377026	0.996226415	0.661654135	265	264	399
gsa_pooled	MetaBAT.78.fa	264155	1	0.977243357	3018779	3018779	3089076	1	0.666666667	98	98	147
gsa_pooled	646.fa	4413214	1	0.977169203	4727656	4727656	4838114	1	0.70955414	557	557	785
gsa_pooled	MetaBAT.139.fa	661259	0.984878519	0.977047511	2183913	2150889	2201417	0.913043478	0.743362832	92	84	113
gsa_pooled	MetaBAT.466.fa	132929	1	0.976895761	3419734	3419734	3500613	1	0.9	9	9	10
gsa_pooled	MetaBAT.63.fa	4329571	0.980448917	0.976449986	6425782	6300151	6452098	0.65	0.787878788	40	26	33
gsa_pooled	MetaBAT.435.fa	4387250	0.989360539	0.9763355	5239739	5183991	5309641	0.482758621	0.666666667	29	14	21
gsa_pooled	488.fa	4455308	0.995887436	0.976290873	3162990	3149982	3226479	0.777777778	0.466666667	27	21	45
gsa_pooled	MetaBAT.575.fa	193680.1	0.998814181	0.975934956	2545920	2542901	2605605	0.967741935	0.625	31	30	48
gsa_pooled	MetaBAT.385.fa	denovo4689.0	1	0.975789384	3358468	3358468	3441796	1	0.841176471	143	143	170
gsa_pooled	468.fa	denovo7705.0	0.987243995	0.974692289	2006506	1980911	2032345	0.911627907	0.882882883	215	196	222
gsa_pooled	43_sub.fa	267536	0.933863923	0.974274449	3727799	3481257	3573179	0.686192469	0.942528736	239	164	174
gsa_pooled	496_sub.fa	denovo9553.0	0.843047689	0.973977664	2507303	2113776	2170251	0.461538462	0.857142857	260	120	140
gsa_pooled	316_sub.fa	denovo273.0	0.536110428	0.973971747	5426078	2908977	2986716	0.535338346	0.86407767	665	356	412
gsa_pooled	MetaBAT.271.fa	303652	0.994018406	0.973630148	1948143	1936490	1988938	0.914893617	0.754385965	47	43	57
gsa_pooled	153.fa	4327881	0.973213297	0.973354339	4216607	4103658	4215996	0.413793103	0.75	58	24	32
gsa_pooled	MetaBAT.399.fa	190114	1	0.972954971	3159609	3159609	3247436	1	0.821428571	46	46	56
gsa_pooled	642.fa	228785	0.998819494	0.972395137	2229553	2226921	2290140	0.985074627	0.891891892	134	132	148
gsa_pooled	MetaBAT.321.fa	2645488	1	0.972383996	3051798	3051798	3138470	1	0.913669065	127	127	139
gsa_pooled	541.fa	1889556	0.995897989	0.972299915	3757669	3742255	3848869	0.921875	0.51754386	64	59	114
gsa_pooled	MetaBAT.181.fa	188785	0.993707316	0.971799294	3075794	3056439	3145134	0.987755102	0.803986711	245	242	301
gsa_pooled	MetaBAT.272_sub.fa	4421276	1	0.971735376	2455998	2455998	2527435	1	0.677018634	109	109	161
gsa_pooled	MetaBAT.338.fa	318732.1	0.998588855	0.971684611	6664091	6654687	6848608	0.785714286	0.709677419	28	22	31
gsa_pooled	MetaBAT.496.fa	denovo4917.0	0.997681075	0.971623358	3715946	3707329	3815603	0.98245614	0.82962963	114	112	135
gsa_pooled	MetaBAT.373.fa	828435	1	0.970629559	3409975	3409975	3513158	1	0.68452381	115	115	168
gsa_pooled	MetaBAT.311.fa	262326	0.986713234	0.970612049	4186647	4131020	4256098	0.87654321	0.788888889	81	71	90
gsa_pooled	MetaBAT.224.fa	1108599	1	0.970229728	4490392	4490392	4628174	1	0.818627451	167	167	204
gsa_pooled	MetaBAT.180_sub.fa	275984	1	0.970195575	3180174	3180174	3277869	1	0.740384615	77	77	104
gsa_pooled	728.fa	3029968	1	0.969977828	3238658	3238658	3338899	1	0.818181818	63	63	77
gsa_pooled	102_sub.fa	827195	0.741769358	0.969703912	4673694	3466803	3575115	0.67760181	0.799732977	884	599	749
gsa_pooled	MetaBAT.159.fa	4378740	1	0.968178263	3034413	3034413	3134147	1	0.759259259	41	41	54
gsa_pooled	MetaBAT.540.fa	196664	0.990066647	0.968079757	4781467	4733971	4890063	0.87755102	0.632352941	49	43	68
gsa_pooled	MetaBAT.529_sub.fa	188548	0.995993515	0.967657092	4249111	4232087	4373540	0.936170213	0.676923077	47	44	65
gsa_pooled	197_sub.fa	289627	0.691810755	0.96765158	2541260	1758071	1816843	0.28807947	0.787330317	604	174	221
gsa_pooled	604_sub.fa	839200	0.983103087	0.967495833	5316770	5226933	5402538	0.98046875	0.886925795	256	251	283
gsa_pooled	MetaBAT.150_sub.fa	denovo8186.0	0.990350414	0.967158676	3379005	3346399	3460031	0.966386555	0.787671233	119	115	146
gsa_pooled	MetaBAT.328.fa	denovo4408.0	1	0.96691939	2275580	2275580	2353433	1	0.594936709	47	47	79
gsa_pooled	MetaBAT.455.fa	833816	1	0.966864887	4111270	4111270	4252166	1	0.769230769	50	50	65
gsa_pooled	266_sub.fa	denovo2990.0	0.843152468	0.966354872	4319169	3641718	3768510	0.811320755	0.850837139	689	559	657
gsa_pooled	MetaBAT.194.fa	3265889.1	1	0.966347664	2996963	2996963	3101330	1	0.5625	18	18	32
gsa_pooled	653.fa	191948	0.996374823	0.96580916	2686765	2677025	2771795	0.722222222	0.8125	18	13	16
gsa_pooled	690.fa	4315396	1	0.965652889	1897534	1897534	1965027	1	0.75	24	24	32
gsa_pooled	711.fa	4474255	0.99627489	0.965502924	2735490	2725300	2822674	0.95035461	0.842767296	141	134	159
gsa_pooled	MetaBAT.37.fa	305012	0.995499897	0.965072927	4957886	4935575	5114199	0.992647059	0.882352941	136	135	153
gsa_pooled	MetaBAT.433.fa	318764	1	0.964816026	1485945	1485945	1540133	1	0.646017699	73	73	113
gsa_pooled	MetaBAT.260.fa	169106	0.995630641	0.964672272	2120677	2111411	2188734	0.988505747	0.774774775	87	86	111
gsa_pooled	348_sub.fa	336277	0.999226254	0.964025309	3724735	3721853	3860742	0.996	0.787974684	250	249	316
gsa_pooled	432.fa	174358	0.997918733	0.964010018	4765847	4755928	4933484	0.991150442	0.794326241	113	112	141
gsa_pooled	544_sub.fa	denovo10808.0	0.955775167	0.963583726	3071080	2935262	3046193	0.832116788	0.674556213	137	114	169
gsa_pooled	376.fa	268844.1	0.979401684	0.963145954	3491936	3420008	3550872	0.758064516	0.824561404	124	94	114
gsa_pooled	11.fa	187962	0.691967137	0.96210584	4129001	2857133	2969666	0.028571429	0.5	105	3	6
gsa_pooled	MetaBAT.452.fa	319134	1	0.961813556	3719661	3719661	3867341	1	0.657142857	46	46	70
gsa_pooled	482_sub.fa	195123.1	0.754214965	0.961080284	5643997	4256787	4429169	0.047879617	0.318181818	731	35	110
gsa_pooled	134_sub.fa	263171	0.98294116	0.960296569	6901114	6783389	7063848	0.758865248	0.856	141	107	125
gsa_pooled	MetaBAT.237_sub.fa	denovo8733.0	0.915225255	0.959540489	2125810	1945595	2027632	0.987179487	0.660944206	156	154	233
gsa_pooled	356.fa	291090	0.981758647	0.959241188	6535206	6415995	6688615	0.538461538	0.84	78	42	50
gsa_pooled	MetaBAT.97.fa	denovo8312.0	0.987055648	0.958740454	4442478	4384973	4573681	0.960352423	0.792727273	227	218	275
gsa_pooled	582.fa	3327894.1	1	0.958066386	6678470	6678470	6970780	1	0.409395973	61	61	149
gsa_pooled	623_sub.fa	999986.1	0.989545606	0.957546966	2758840	2729998	2851033	0.963963964	0.648484848	111	107	165
gsa_pooled	435.fa	denovo5303.0	0.997492968	0.957399126	1818884	1814324	1895055	0.95	0.775510204	40	38	49
gsa_pooled	57_sub.fa	816702	0.993123318	0.955915207	4665622	4633538	4847227	0.986038394	0.748840292	1146	1130	1509
gsa_pooled	556.fa	609589	0.995243652	0.953821535	4036080	4016883	4211357	0.945945946	0.833333333	74	70	84
gsa_pooled	MetaBAT.135.fa	179616	0.980950172	0.952694098	3138191	3078409	3231267	0.708333333	0.485714286	48	34	70
gsa_pooled	436_sub.fa	197644.1	0.988518935	0.952613587	1945377	1923042	2018701	0.930555556	0.885462555	216	201	227
gsa_pooled	383.fa	176853	0.982013651	0.952591398	3298168	3238846	3400037	0.795454545	0.897435897	176	140	156
gsa_pooled	MetaBAT.12.fa	denovo13353.0	1	0.952177646	713003	713003	748813	1	0.661290323	41	41	62
gsa_pooled	578.fa	1513771	0.99450894	0.951935632	2020375	2009281	2110732	0.913978495	0.758928571	93	85	112
gsa_pooled	MetaBAT.245.fa	4449524	1	0.951822546	3161668	3161668	3321699	1	0.511811024	65	65	127
gsa_pooled	160_sub.fa	denovo4538.0	0.968923472	0.951652215	6262540	6067922	6376197	0.998546512	0.757859901	1376	1374	1813
gsa_pooled	145_sub.fa	denovo1402.0	0.907443028	0.951386769	2356138	2138061	2247310	0.354285714	0.626262626	175	62	99
gsa_pooled	MetaBAT.53.fa	denovo5579.0	1	0.950008316	2381915	2381915	2507257	1	0.781021898	107	107	137
gsa_pooled	430.fa	271230	0.999537984	0.949621244	2192566	2191553	2307818	0.95	0.95	20	19	20
gsa_pooled	117_sub.fa	261373	0.865836034	0.949505358	2660543	2303594	2426099	0.836158192	0.735403727	708	592	805
gsa_pooled	384.fa	3486634	0.969007804	0.94869384	5839470	5658492	5964508	0.895348837	0.927710843	86	77	83
gsa_pooled	551.fa	260679	0.840168178	0.948314119	3091243	2597164	2738717	0.263513514	0.629032258	148	39	62
gsa_pooled	739.fa	denovo10697.0	0.994959359	0.947890913	3120833	3105102	3275801	0.795918367	0.866666667	49	39	45
gsa_pooled	455.fa	denovo7794.1	0.914868148	0.947075807	5147662	4709432	4972603	0.388888889	0.770642202	216	84	109
gsa_pooled	597.fa	295590	0.975366476	0.946960979	1574318	1535537	1621542	0.889908257	0.866071429	109	97	112
gsa_pooled	MetaBAT.172.fa	182712.1	1	0.945798387	3506068	3506068	3706993	1	0.708333333	34	34	48
gsa_pooled	MetaBAT.494.fa	4365130	0.992201097	0.944855934	4868890	4830918	5112862	0.862068966	0.520833333	58	50	96
gsa_pooled	64_sub.fa	denovo2181.0	0.606060838	0.944396475	4578509	2774855	2938231	0.484484484	0.803986711	999	484	602
gsa_pooled	MetaBAT.186.fa	312322	0.991295421	0.944072321	2224002	2204643	2335248	0.897959184	0.372881356	49	44	118
gsa_pooled	MetaBAT.565.fa	171232	0.968193353	0.94372152	2006656	1942831	2058691	0.943877551	0.75203252	196	185	246
gsa_pooled	MetaBAT.114.fa	denovo4594.0	1	0.943616878	1474508	1474508	1562613	1	0.392156863	20	20	51
gsa_pooled	MetaBAT.83_sub.fa	262104	0.937572684	0.943083579	4830850	4529273	4802621	0.816720257	0.666666667	311	254	381
gsa_pooled	637.fa	denovo1324.0	0.9988699	0.942737941	4173968	4169251	4422492	0.987220447	0.744578313	313	309	415
gsa_pooled	MetaBAT.401.fa	denovo2280.0	1	0.942579675	1689805	1689805	1792745	1	0.511627907	66	66	129
gsa_pooled	MetaBAT.281.fa	denovo2950.0	1	0.942518607	2331726	2331726	2473931	1	0.744444444	134	134	180
gsa_pooled	MetaBAT.231_sub.fa	denovo2276.1	0.967460557	0.942434942	3751232	3629169	3850843	0.927672956	0.817174515	318	295	361
gsa_pooled	295_sub.fa	261315	0.935224266	0.942429561	2443415	2285141	2424734	0.955156951	0.719594595	669	639	888
gsa_pooled	118_sub.fa	4379247	0.81439646	0.941593714	2836864	2310332	2453640	0.335714286	0.74015748	280	94	127
gsa_pooled	378.fa	460611	1	0.941265288	4388095	4388095	4661911	1	0.846153846	77	77	91
gsa_pooled	223_sub.fa	319219	0.879300612	0.940842119	6465708	5685301	6042779	0.102439024	0.777777778	205	21	27
gsa_pooled	51_sub.fa	230268	0.657788833	0.940424842	4627818	3044127	3236970	0.225454545	0.681318681	275	62	91
gsa_pooled	567.fa	188610	0.996276776	0.940225067	3415320	3402604	3618925	0.913043478	0.846774194	115	105	124
gsa_pooled	618.fa	259087	0.99734701	0.939838788	2946864	2939046	3127181	0.985454545	0.826219512	275	271	328
gsa_pooled	40_sub.fa	4444771	0.948439104	0.93922176	4864675	4613848	4912416	0.951653944	0.794055202	786	748	942
gsa_pooled	313_sub.fa	4464113.1	0.972941351	0.939064806	3690502	3590642	3823636	0.971583221	0.784699454	739	718	915
gsa_pooled	559_sub.fa	577294	0.758905625	0.937023014	5693845	4321091	4611510	0.09375	0.714285714	320	30	42
gsa_pooled	656.fa	denovo2227.0	0.979999111	0.936390702	3013566	2953292	3153910	0.935185185	0.801587302	108	101	126
gsa_pooled	MetaBAT.195.fa	129394	1	0.936357955	3675440	3675440	3925251	1	0.728813559	43	43	59
gsa_pooled	532.fa	348376.1	0.94775109	0.935802223	2871658	2721617	2908325	0.492227979	0.785123967	193	95	121
gsa_pooled	MetaBAT.421.fa	175529	1	0.93363049	3540268	3540268	3791937	1	0.765625	49	49	64
gsa_pooled	176_sub.fa	denovo2313.0	0.959506768	0.933344703	2492540	2391609	2562407	0.542857143	0.76	35	19	25
gsa_pooled	MetaBAT.117.fa	340139	1	0.932939498	3939880	3939880	4223082	1	0.571428571	20	20	35
gsa_pooled	MetaBAT.518_sub.fa	denovo12532.0	0.891747363	0.932291827	1797074	1602536	1718921	0.8	0.571428571	5	4	7
gsa_pooled	574.fa	306306	1	0.932260652	2655661	2655661	2848625	1	0.481132075	102	102	212
gsa_pooled	463_sub.fa	181717	0.950602335	0.931447267	4077298	3875889	4161147	0.698412698	0.888888889	126	88	99
gsa_pooled	503.fa	1109178	1	0.931302379	3342339	3342339	3588887	1	0.863013699	126	126	146
gsa_pooled	MetaBAT.267.fa	263518	1	0.931026411	3957635	3957635	4250830	1	0.72	36	36	50
gsa_pooled	MetaBAT.427_sub.fa	4460109.1	0.993968264	0.930855697	3915954	3892334	4181458	0.988269795	0.73580786	341	337	458
gsa_pooled	MetaBAT.129.fa	denovo7466.0	0.98977146	0.930390609	3015093	2984253	3207527	0.985294118	0.807228916	68	67	83
gsa_pooled	73_sub.fa	denovo717.1	0.824476892	0.930287903	2227456	1836486	1974105	0.327868852	0.307692308	61	20	65
gsa_pooled	607.fa	3600504	0.896403443	0.929851179	5647456	5062399	5444311	0.275167785	0.76635514	298	82	107
gsa_pooled	115_sub.fa	331878	0.999470493	0.92868466	2696847	2695419	2902405	0.998740554	0.681271478	794	793	1164
gsa_pooled	MetaBAT.8.fa	denovo1832.0	0.988292081	0.928508559	5187600	5126864	5521612	0.92	0.547619048	25	23	42
gsa_pooled	652.fa	denovo13042.0	1	0.928399376	2410485	2410485	2596388	1	0.800813008	394	394	492
gsa_pooled	MetaBAT.250.fa	162576	1	0.928349051	5777727	5777727	6223658	1	0.6828125	437	437	640
gsa_pooled	MetaBAT.530_sub.fa	4354103	0.89835849	0.927633661	2371718	2130653	2296869	0.989010989	0.547112462	182	180	329
gsa_pooled	MetaBAT.201.fa	4351214	0.98573597	0.927268501	2561478	2524941	2722988	0.733333333	0.594594595	30	22	37
gsa_pooled	17_sub.fa	318732	0.687957298	0.927037948	8928951	6142737	6626198	0.953261928	0.756568779	1027	979	1294
gsa_pooled	154_sub.fa	denovo9305.0	0.561890216	0.926670617	6908693	3881927	4189112	0.318081181	0.711221122	1355	431	606
gsa_pooled	MetaBAT.293.fa	175333	1	0.926141136	2057354	2057354	2221426	1	0.787234043	37	37	47
gsa_pooled	588_sub.fa	denovo11716.0	0.920076266	0.923178493	2221180	2043655	2213716	0.667605634	0.738317757	355	237	321
gsa_pooled	MetaBAT.551.fa	999986	1	0.923134494	2465635	2465635	2670938	1	0.514285714	36	36	70
gsa_pooled	MetaBAT.239.fa	288521	0.985389746	0.922665104	1827689	1800986	1951939	0.96	0.738461538	50	48	65
gsa_pooled	MetaBAT.214.fa	denovo9308.0	1	0.922494269	2317408	2317408	2512111	1	0.730245232	268	268	367
gsa_pooled	475.fa	261277	0.997039861	0.922450588	3928869	3917239	4246557	0.934210526	0.816091954	76	71	87
gsa_pooled	82_sub.fa	denovo10393.0	0.799279249	0.921970403	4592435	3670638	3981297	0.623853211	0.75	327	204	272
gsa_pooled	MetaBAT.218.fa	325850	1	0.920907983	6744987	6744987	7324279	1	0.65188172	485	485	744
gsa_pooled	721.fa	267123	0.999354053	0.919820279	1950625	1949365	2119289	0.996539792	0.772117962	289	288	373
gsa_pooled	MetaBAT.424.fa	3319464	1	0.918739935	1520363	1520363	1654835	1	0.495412844	54	54	109
gsa_pooled	MetaBAT.240_sub.fa	210073	0.991782587	0.917471895	3932746	3900429	4251279	0.983050847	0.703030303	118	116	165
gsa_pooled	447.fa	189789	0.962721119	0.916655175	3818194	3675856	4010075	0.855263158	0.637254902	76	65	102
gsa_pooled	687.fa	173965	0.999351637	0.915213107	1616379	1615331	1764978	0.997674419	0.716193656	430	429	599
gsa_pooled	MetaBAT.143.fa	273737	1	0.914371253	2663547	2663547	2912982	1	0.8	60	60	75
gsa_pooled	612.fa	denovo404.0	1	0.913928247	1975508	1975508	2161557	1	0.847368421	161	161	190
gsa_pooled	459.fa	4381553.1	0.968302062	0.913746382	5623268	5445022	5959008	0.642276423	0.598484848	123	79	132
gsa_pooled	MetaBAT.11.fa	denovo4013.0	0.997474392	0.912465281	4415966	4404813	4827376	0.994949495	0.751908397	198	197	262
gsa_pooled	703.fa	132338	0.999530295	0.910761085	4811533	4809273	5280499	0.994269341	0.806976744	349	347	430
gsa_pooled	744.fa	denovo5795.0	0.995573987	0.910246515	2530268	2519069	2767458	0.94214876	0.730769231	121	114	156
gsa_pooled	MetaBAT.481.fa	denovo2073.0	0.995969923	0.909976362	1534462	1528278	1679470	0.888888889	0.5	9	8	16
gsa_pooled	285_sub.fa	denovo5065.0	0.803432746	0.909713875	1821865	1463746	1609018	0.886792453	0.643835616	530	470	730
gsa_pooled	MetaBAT.493_sub.fa	392918	0.998094422	0.908161476	4425428	4416995	4863667	0.992063492	0.694444444	126	125	180
gsa_pooled	265.fa	328617	0.962623588	0.90792122	3255877	3134184	3452044	0.981424149	0.656767956	969	951	1448
gsa_pooled	MetaBAT.410.fa	851733	1	0.907878818	2463590	2463590	2713567	1	0.457831325	38	38	83
gsa_pooled	MetaBAT.469.fa	269378	1	0.906760671	2725806	2725806	3006092	1	0.368421053	14	14	38
gsa_pooled	MetaBAT.215.fa	730939	0.983075742	0.90616018	2817317	2769636	3056453	0.923076923	0.631578947	26	24	38
gsa_pooled	104_sub.fa	denovo10694.0	0.805501495	0.904921173	2841955	2289199	2529722	0.908116386	0.714457831	653	593	830
gsa_pooled	143_sub.fa	4397402	0.999109295	0.904479851	2913421	2910826	3218232	0.973684211	0.632478632	76	74	117
gsa_pooled	MetaBAT.526.fa	denovo12921.0	1	0.903710932	3905535	3905535	4321664	1	0.755102041	111	111	147
gsa_pooled	581_sub.fa	188299	0.964639483	0.902905037	3084033	2974980	3294898	0.753787879	0.805668016	264	199	247
gsa_pooled	146_sub.fa	548775	0.628551461	0.901251959	5261461	3307099	3669450	0.489705882	0.738359202	1360	666	902
gsa_pooled	245_sub.fa	4401580	0.720120025	0.900824548	6536652	4707174	5225406	0.09406953	0.541176471	489	46	85
gsa_pooled	MetaBAT.349_sub.fa	denovo4967.0	0.998770919	0.900620938	2235816	2233068	2479476	0.995145631	0.652866242	206	205	314
gsa_pooled	602.fa	denovo2511.0	0.998747939	0.900406765	2405634	2402622	2668374	0.979591837	0.571428571	49	48	84
gsa_pooled	MetaBAT.307_sub.fa	denovo10718.0	0.686358632	0.899571768	4303498	2953743	3283499	0.428251121	0.710037175	446	191	269
gsa_pooled	507.fa	167509	0.999323738	0.899366955	3986620	3983924	4429698	0.964285714	0.627906977	28	27	43
gsa_pooled	MetaBAT.33.fa	47365	1	0.897597286	2113023	2113023	2354088	1	0.333333333	1	1	3
gsa_pooled	MetaBAT.86.fa	233991.1	1	0.894639868	3475624	3475624	3884942	1	0.173652695	29	29	167
gsa_pooled	105_sub.fa	339549.1	0.790928326	0.893979006	2672715	2113926	2364626	0.345945946	0.392638037	185	64	163
gsa_pooled	689.fa	denovo1277.0	0.997698867	0.893970569	2468349	2462669	2754754	0.989159892	0.757261411	369	365	482
gsa_pooled	107_sub.fa	denovo1959.0	0.921994515	0.893659564	4553808	4198586	4698194	0.537142857	0.728682171	175	94	129
gsa_pooled	MetaBAT.457.fa	180535	0.990763447	0.890992367	2520096	2496819	2802290	0.925	0.521126761	40	37	71
gsa_pooled	386_sub.fa	denovo2609.0	0.873445257	0.890909348	3024454	2641695	2965167	0.582142857	0.810945274	280	163	201
gsa_pooled	MetaBAT.230.fa	denovo2819.0	0.994399661	0.890076456	2964285	2947684	3311720	0.882352941	0.476190476	34	30	63
gsa_pooled	533.fa	276484	0.96415532	0.888666885	4287833	4134137	4652066	0.68503937	0.669230769	127	87	130
gsa_pooled	605.fa	denovo10247.1	0.923170387	0.886949948	4867342	4493386	5066110	0.771729587	0.742398649	1139	879	1184
gsa_pooled	91_sub.fa	denovo389.0	0.464163699	0.885391029	3773520	1751531	1978257	0.002169197	0.333333333	461	1	3
gsa_pooled	555.fa	denovo3683.0	0.967252918	0.884568107	3293637	3185780	3601509	0.813471503	0.792929293	193	157	198
gsa_pooled	486.fa	262917	0.978862588	0.882904572	4063506	3977614	4505146	0.819047619	0.811320755	210	172	212
gsa_pooled	716.fa	denovo8158.0	0.997237837	0.881899918	2288424	2282103	2587712	0.979899497	0.747126437	199	195	261
gsa_pooled	MetaBAT.222.fa	187223	1	0.881588129	3814035	3814035	4326323	1	0.627906977	81	81	129
gsa_pooled	71_sub.fa	denovo3492.0	0.850377744	0.880743064	3753205	3191642	3623806	0.802047782	0.640763463	1172	940	1467
gsa_pooled	MetaBAT.28.fa	174573	1	0.880321532	1856621	1856621	2109026	1	0.5	98	98	196
gsa_pooled	291_sub.fa	270984	0.853973649	0.878128132	2102463	1795448	2044631	0.937406855	0.599047619	671	629	1050
gsa_pooled	MetaBAT.242.fa	166664.1	0.97334332	0.87811636	5987805	5828190	6637150	0.989878543	0.620558376	494	489	788
gsa_pooled	MetaBAT.383.fa	denovo2183.0	1	0.877799062	1651521	1651521	1881434	1	0.613545817	154	154	251
gsa_pooled	MetaBAT.474.fa	181961	1	0.877380792	2534253	2534253	2888430	1	0.833333333	20	20	24
gsa_pooled	655_sub.fa	denovo2199.0	1	0.87724079	3480566	3480566	3967629	1	0.649606299	330	330	508
gsa_pooled	MetaBAT.225.fa	4476780	1	0.876239308	2514232	2514232	2869344	1	0.603773585	64	64	106
gsa_pooled	144_sub.fa	denovo3630.0	0.622196045	0.875792398	3556048	2212559	2526351	0.670807453	0.621710526	1127	756	1216
gsa_pooled	MetaBAT.461.fa	270030	1	0.875775364	3185054	3185054	3636839	1	0.527272727	29	29	55
gsa_pooled	MetaBAT.467.fa	denovo10014.0	0.993810746	0.875645048	3879789	3855776	4403355	0.777777778	0.875	45	35	40
gsa_pooled	76_sub.fa	denovo4463.0	0.878450937	0.875133709	2922540	2567308	2933618	0.544117647	0.902439024	68	37	41
gsa_pooled	140_sub.fa	denovo2529.0	0.870490929	0.87109961	4141679	3605294	4138785	0.441064639	0.783783784	263	116	148
gsa_pooled	MetaBAT.423.fa	184925	1	0.868172961	3423792	3423792	3943675	1	0.428571429	45	45	105
gsa_pooled	MetaBAT.189.fa	4378740.1	1	0.86711801	2794567	2794567	3222822	1	0.463768116	32	32	69
gsa_pooled	329_sub.fa	denovo1065.0	0.584592352	0.866589291	6313319	3690718	4258901	0.416536661	0.721621622	641	267	370
gsa_pooled	97_sub.fa	185483	0.966946539	0.863782487	2946106	2848727	3297968	0.975855131	0.702898551	497	485	690
gsa_pooled	577.fa	3154070	0.967851971	0.86348026	5090421	4926774	5705717	0.486111111	0.7	72	35	50
gsa_pooled	MetaBAT.247_sub.fa	denovo852.0	0.991174053	0.85800376	2916401	2890661	3369054	0.979079498	0.632432432	239	234	370
gsa_pooled	MetaBAT.436.fa	denovo9105.0	1	0.85775461	4299923	4299923	5012999	1	0.24137931	7	7	29
gsa_pooled	563.fa	1756274	0.967100723	0.856749285	2261843	2187430	2553174	0.925801012	0.633217993	593	549	867
gsa_pooled	MetaBAT.76.fa	183606	0.998931073	0.856168052	3946014	3941796	4603998	0.980769231	0.472222222	52	51	108
gsa_pooled	580.fa	denovo6432.0	0.99266453	0.848742344	2628325	2609045	3074013	0.842105263	0.8	76	64	80
gsa_pooled	760.fa	10512	1	0.847950301	1457613	1457613	1718984	1	0.25	1	1	4
gsa_pooled	357_sub.fa	denovo11206.0	0.987437942	0.847946646	2830428	2794872	3296047	0.957446809	0.681818182	188	180	264
gsa_pooled	423.fa	1106006	0.996518411	0.847464869	3238177	3226903	3807713	0.995633188	0.713615023	458	456	639
gsa_pooled	MetaBAT.70.fa	160140.1	0.9990717	0.847039642	3791876	3788356	4472466	0.997701149	0.630813953	435	434	688
gsa_pooled	501.fa	263828	0.985400716	0.844647932	2490807	2454443	2905877	0.941304348	0.655068079	460	433	661
gsa_pooled	MetaBAT.156_sub.fa	denovo12924.0	1	0.84221766	3233533	3233533	3839308	1	0.625	55	55	88
gsa_pooled	MetaBAT.450.fa	180869	0.977338752	0.841487201	1778940	1738627	2066136	0.911764706	0.738095238	34	31	42
gsa_pooled	707.fa	339329	0.99588013	0.840119392	2453233	2443126	2908070	0.976666667	0.593117409	300	293	494
gsa_pooled	MetaBAT.380.fa	267406	1	0.838771114	2487879	2487879	2966100	1	0.763636364	42	42	55
gsa_pooled	745.fa	273954.1	0.967651032	0.836801888	2525892	2444182	2920861	0.8725	0.663498099	400	349	526
gsa_pooled	MetaBAT.254.fa	denovo8413.0	0.980224745	0.83554192	2330994	2284898	2734630	0.796875	0.708333333	64	51	72
gsa_pooled	647.fa	321902	0.940541021	0.834592482	3128863	2942824	3526061	0.752136752	0.697029703	468	352	505
gsa_pooled	293_sub.fa	170328.1	0.933457196	0.834508179	3235301	3020015	3618916	0.917933131	0.556938681	1316	1208	2169
gsa_pooled	409_sub.fa	4442899	0.992378686	0.834042711	2671849	2651486	3179077	0.935779817	0.744525547	218	204	274
gsa_pooled	MetaBAT.203.fa	999989	1	0.832699013	2232974	2232974	2681610	1	0.314136126	120	120	382
gsa_pooled	MetaBAT.534.fa	267406.1	0.997491389	0.831957569	2699103	2692332	3236141	0.928571429	0.582089552	42	39	67
gsa_pooled	MetaBAT.495.fa	denovo13136.0	0.999335915	0.831363918	2436436	2434818	2928703	0.992481203	0.650246305	133	132	203
gsa_pooled	MetaBAT.566.fa	181719.1	0.988822687	0.830498753	4129436	4083280	4916660	0.95	0.723809524	80	76	105
gsa_pooled	615.fa	denovo7590.0	0.998975105	0.829271339	3170082	3166833	3818814	0.996005326	0.653275109	751	748	1145
gsa_pooled	355_sub.fa	330296	0.613631045	0.825561118	6739043	4135286	5009061	0.06932409	0.49382716	577	40	81
gsa_pooled	594_sub.fa	denovo12305.0	0.999457493	0.822012918	2127163	2126009	2586345	0.998161765	0.593442623	544	543	915
gsa_pooled	MetaBAT.296_sub.fa	296045	0.941301944	0.819076401	5750906	5413339	6609077	0.675862069	0.492462312	145	98	199
gsa_pooled	MetaBAT.310_sub.fa	1033413	0.506712704	0.817213354	5277158	2674003	3272099	0.170305677	0.619047619	229	39	63
gsa_pooled	610_sub.fa	837859.1	0.852591692	0.816156524	3149429	2685177	3290027	0.799717913	0.590010406	709	567	961
gsa_pooled	MetaBAT.92.fa	169845	0.999470019	0.813222203	4109582	4107404	5050777	0.958333333	0.46	24	23	50
gsa_pooled	MetaBAT.364_sub.fa	146564.1	1	0.811633189	3085956	3085956	3802156	1	0.62962963	17	17	27
gsa_pooled	730_sub.fa	denovo10393.1	0.785604992	0.810951662	2917442	2291957	2826256	0.427777778	0.706422018	180	77	109
gsa_pooled	161_sub.fa	denovo532.0	0.660171519	0.807754397	2705815	1786302	2211442	0.695652174	0.452830189	69	48	106
gsa_pooled	684.fa	262102	0.96532503	0.805877714	2805280	2708007	3360320	0.931506849	0.578723404	730	680	1175
gsa_pooled	489_sub.fa	denovo2819.1	0.782975099	0.803737043	3574940	2799089	3482593	0.578253707	0.666034156	607	351	527
gsa_pooled	MetaBAT.390.fa	4424327	1	0.802424613	3530702	3530702	4400042	1	0.551515152	91	91	165
gsa_pooled	MetaBAT.270_sub.fa	649107.1	0.998445407	0.797460429	5278551	5270345	6608911	0.984615385	0.60952381	130	128	210
gsa_pooled	452.fa	denovo3780.0	0.920926764	0.797080031	2810597	2588354	3247295	0.911290323	0.31741573	124	113	356
gsa_pooled	MetaBAT.520.fa	1684221	1	0.792249307	3634290	3634290	4587306	1	0.777777778	28	28	36
gsa_pooled	MetaBAT.453_sub.fa	denovo1064.0	0.648381029	0.79222124	6441376	4176466	5271843	0.41300813	0.424040067	615	254	599
gsa_pooled	MetaBAT.341.fa	310407	1	0.776542536	3679177	3679177	4737895	1	0.441176471	30	30	68
gsa_pooled	419_sub.fa	denovo5363.1	0.852040373	0.775974761	5481644	4670582	6018987	0.479559748	0.614919355	636	305	496
gsa_pooled	339_sub.fa	318503.1	0.574891975	0.774983671	3232122	1858121	2397626	0.482252142	0.568542569	817	394	693
gsa_pooled	443_sub.fa	denovo883.0	0.68868274	0.774648562	3077812	2119636	2736255	0.004901961	0.666666667	408	2	3
gsa_pooled	456.fa	denovo6551.1	0.885672835	0.772812004	2686868	2379686	3079256	0.62295082	0.363636364	122	76	209
gsa_pooled	156_sub.fa	denovo1457.0	0.56032165	0.77273453	6685651	3746115	4847868	0.326876513	0.668316832	2478	810	1212
gsa_pooled	219_sub.fa	denovo12746.0	0.771729191	0.769304145	5536665	4272806	5554118	0.683219178	0.528476821	2336	1596	3020
gsa_pooled	747.fa	denovo193.0	0.998675187	0.767593263	2169363	2166489	2822444	0.994047619	0.626641651	336	334	533
gsa_pooled	251_sub.fa	187400.1	0.658850496	0.76614476	3007611	1981566	2586412	0.661169415	0.605769231	667	441	728
gsa_pooled	396_sub.fa	316381	0.998861607	0.764087305	2725773	2722670	3563297	0.967741935	0.530973451	62	60	113
gsa_pooled	MetaBAT.362_sub.fa	272953	0.537405831	0.763157725	5073741	2726658	3572863	0.357142857	0.570934256	462	165	289
gsa_pooled	109_sub.fa	denovo5982.0	0.99070131	0.757558074	2713823	2688588	3549019	0.979927007	0.573717949	548	537	936
gsa_pooled	MetaBAT.484.fa	167509.1	1	0.756982987	2328326	2328326	3075797	1	0.450980392	23	23	51
gsa_pooled	370_sub.fa	denovo5741.0	0.99959511	0.750249547	2758774	2757657	3675653	0.998552822	0.537802027	691	690	1283
gsa_pooled	MetaBAT.19_sub.fa	162639	0.512894864	0.749117824	3423456	1755873	2343921	0.5	0.441558442	136	68	154
gsa_pooled	206_sub.fa	denovo4382.1	0.695323911	0.747020997	2481839	1725682	2310085	0.352631579	0.603603604	190	67	111
gsa_pooled	685_sub.fa	661259.1	0.997931532	0.746108512	1459051	1456033	1951503	0.998144712	0.497227357	539	538	1082
gsa_pooled	757.fa	denovo5454.0	0.999451446	0.744061699	2353462	2352171	3161258	0.990909091	0.615819209	110	109	177
gsa_pooled	39_sub.fa	denovo12065.1	0.987652499	0.742752829	5033569	4971417	6693232	0.98809996	0.445139385	2521	2491	5596
gsa_pooled	MetaBAT.514_sub.fa	299171	0.806924852	0.742367931	2803872	2262514	3047699	0.245098039	0.438596491	204	50	114
gsa_pooled	272_sub.fa	229455.1	0.529745675	0.737399876	4087048	2165096	2936122	0.809160305	0.447068747	1310	1060	2371
gsa_pooled	MetaBAT.21.fa	denovo7302.0	1	0.735696676	1961822	1961822	2666618	1	0.475703325	186	186	391
gsa_pooled	513_sub.fa	272949.1	0.997587743	0.735557158	3073470	3066056	4168345	0.964285714	0.571428571	112	108	189
gsa_pooled	534.fa	327900	0.989043872	0.733948271	2399753	2373461	3233826	0.90625	0.420289855	64	58	138
gsa_pooled	182_sub.fa	521982	0.779651261	0.731173138	3276606	2554610	3493851	0.851082251	0.506701031	1155	983	1940
gsa_pooled	729_sub.fa	denovo9179.0	0.959754726	0.730869933	3396523	3259829	4460204	0.819587629	0.623529412	194	159	255
gsa_pooled	718.fa	3377773	0.995456532	0.729572697	1196443	1191007	1632472	0.987381703	0.739952719	317	313	423
gsa_pooled	616.fa	133719.1	0.944149707	0.728432033	1577485	1489382	2044641	0.809667674	0.609090909	331	268	440
gsa_pooled	516.fa	271185	0.898622766	0.727598363	2132027	1915888	2633167	0.83974359	0.480733945	936	786	1635
gsa_pooled	562_sub.fa	denovo7195.0	0.975585036	0.724555023	5013278	4890879	6750183	0.909090909	0.515463918	55	50	97
gsa_pooled	474.fa	179927	0.998211876	0.724056911	2204545	2200603	3039268	0.993690852	0.610465116	317	315	516
gsa_pooled	566.fa	320224	0.996155661	0.719843418	2002165	1994468	2770697	0.988913525	0.518604651	451	446	860
gsa_pooled	499.fa	denovo9225.0	0.610328298	0.716892296	3415316	2084464	2907639	0.095338983	0.489130435	472	45	92
gsa_pooled	601.fa	270448.1	0.999027638	0.711236288	2638934	2636368	3706740	0.993902439	0.639215686	164	163	255
gsa_pooled	MetaBAT.317.fa	4449984.1	0.895470054	0.710065747	1662691	1488890	2096834	0.534482759	0.563636364	58	31	55
gsa_pooled	403.fa	denovo2333.0	0.971601133	0.706798282	4927767	4787824	6773961	0.853333333	0.486692015	150	128	263
gsa_pooled	277_sub.fa	denovo5222.0	0.873006091	0.706026312	1848254	1613537	2285378	0.875471698	0.528473804	265	232	439
gsa_pooled	592.fa	268720	0.989584328	0.703099144	2303548	2279555	3242153	0.949579832	0.590592334	357	339	574
gsa_pooled	15_sub.fa	denovo10305.0	0.493986314	0.702755198	4197592	2073553	2950605	0.193548387	0.631578947	124	24	38
gsa_pooled	671_sub.fa	denovo6995.1	0.985171593	0.697761637	2327020	2292514	3285526	0.971395881	0.474566797	874	849	1789
gsa_pooled	MetaBAT.279.fa	110016	0.983463563	0.69742901	2059815	2025753	2904601	0.941605839	0.400621118	137	129	322
gsa_pooled	569.fa	324894	0.973753383	0.693557156	2100004	2044886	2948403	0.9501868	0.468385513	803	763	1629
gsa_pooled	524.fa	194950	0.997838423	0.68985202	3315172	3308006	4795240	0.991666667	0.533034714	480	476	893
gsa_pooled	MetaBAT.18_sub.fa	denovo1369.0	0.943757433	0.683774765	1748071	1649755	2412717	0.97826087	0.39017341	276	270	692
gsa_pooled	676.fa	denovo7933.0	0.973158923	0.67639369	2198496	2139486	3163078	0.887559809	0.566412214	418	371	655
gsa_pooled	254_sub.fa	172640.1	0.556001096	0.675365827	7377802	4102066	6073843	0.036945813	0.340909091	812	30	88
gsa_pooled	209_sub.fa	denovo11208.0	0.806478665	0.657636214	2222742	1792594	2725814	0.717121588	0.452978056	403	289	638
gsa_pooled	683_sub.fa	837859	0.978873584	0.65249935	1718228	1681928	2577670	0.972916667	0.473630832	480	467	986
gsa_pooled	MetaBAT.342.fa	denovo4974.0	0.994898501	0.636124016	1619916	1611652	2533550	0.980392157	0.495049505	153	150	303
gsa_pooled	387_sub.fa	denovo10472.0	0.817029346	0.633321139	4061941	3318725	5240193	0.640088594	0.468775345	903	578	1233
gsa_pooled	124_sub.fa	denovo9737.0	0.982168758	0.625428964	2572956	2527077	4040550	0.980926431	0.450563204	734	720	1598
gsa_pooled	MetaBAT.345_sub.fa	3141094	0.738088493	0.624747712	5072427	3743900	5992659	0.344927536	0.459459459	345	119	259
gsa_pooled	713.fa	782953	1	0.617974652	3073293	3073293	4973170	1	0.395244659	1147	1147	2902
gsa_pooled	426_sub.fa	171322	0.618512852	0.607714745	2887151	1785740	2938451	0.278481013	0.488888889	79	22	45
gsa_pooled	368_sub.fa	197696	0.775580631	0.60770827	2424862	1880676	3094702	0.741935484	0.533755274	341	253	474
gsa_pooled	MetaBAT.291_sub.fa	3016478	1	0.602006722	2522118	2522118	4189518	1	0.46779661	138	138	295
gsa_pooled	MetaBAT.295.fa	denovo2795.0	0.995255452	0.591371486	3058247	3043737	5146912	0.974137931	0.565	116	113	200
gsa_pooled	MetaBAT.360.fa	denovo4860.0	1	0.582389956	2103656	2103656	3612109	1	0.315202232	226	226	717
gsa_pooled	394_sub.fa	245324	0.944335554	0.581198114	1667833	1574994	2709909	0.959232614	0.32	834	800	2500
gsa_pooled	697_sub.fa	denovo265.0	0.98686276	0.554592733	1929629	1904279	3433653	0.953488372	0.416545718	301	287	689
gsa_pooled	694_sub.fa	denovo6472.0	0.518557475	0.550205806	4988448	2586797	4701508	0.458490566	0.372985418	1060	486	1303
gsa_pooled	25_sub.fa	164664	0.803193777	0.53944336	1414000	1135716	2105348	0.756476684	0.337182448	193	146	433
gsa_pooled	MetaBAT.223.fa	denovo516.0	1	0.522462388	1255800	1255800	2403618	1	0.433476395	101	101	233
gsa_pooled	163_sub.fa	denovo9794.0	0.533457973	0.512346487	4122291	2199069	4292152	0.4	0.399246704	530	212	531
gsa_pooled	MetaBAT.460_sub.fa	334395	0.559334857	0.494345695	2558909	1431287	2895316	0.828947368	0.357954545	76	63	176
gsa_pooled	MetaBAT.75.fa	161277	1	0.486563681	2529937	2529937	5199601	1	0.266666667	12	12	45
gsa_pooled	MetaBAT.326.fa	denovo4266.0	1	0.481553929	1811903	1811903	3762617	1	0.277207392	135	135	487
gsa_pooled	MetaBAT.302.fa	denovo3050.0	0.685075313	0.457621911	1476299	1011376	2210069	0.353448276	0.271523179	116	41	151
gsa_pooled	MetaBAT.413_sub.fa	304080	0.947349659	0.449285625	1621414	1536046	3418863	0.785714286	0.043307087	14	11	254
gsa_pooled	MetaBAT.313_sub.fa	293580	0.746554613	0.446755513	2780820	2076034	4646913	0.407894737	0.344444444	76	31	90
gsa_pooled	MetaBAT.318_sub.fa	denovo9496.0	0.915525976	0.446366199	1531820	1402421	3141862	0.936363636	0.320872274	110	103	321
gsa_pooled	MetaBAT.478.fa	4480176	1	0.435777665	1329328	1329328	3050473	1	0.18	18	18	100
gsa_pooled	MetaBAT.147.fa	denovo12694.1	1	0.420148409	1204939	1204939	2867889	1	0.28125	9	9	32
gsa_pooled	MetaBAT.507.fa	denovo4635.0	1	0.394559093	769494	769494	1950263	1	0.212121212	14	14	66
gsa_pooled	MetaBAT.216.fa	268084.1	0.493287565	0.393355228	5007870	2470320	6280125	0.905829596	0.222344524	446	404	1817
gsa_pooled	MetaBAT.39.fa	172640	1	0.387731768	1240162	1240162	3198505	1	0.298701299	23	23	77
gsa_pooled	241_sub.fa	4340358	0.394426467	0.380671305	5298506	2089871	5489962	0.056603774	0.24	636	36	150
gsa_pooled	354.fa	293580	0.799795033	0.370145083	2150591	1720032	4646913	0.292682927	0.266666667	82	24	90
gsa_pooled	425_sub.fa	denovo420.0	0.662275677	0.318702105	1212483	802998	2519588	0.042857143	0.1875	70	3	16
gsa_pooled	226_sub.fa	263992	0.417407411	0.307647696	4366669	1822680	5924569	0.151898734	0.24	158	24	100
gsa_pooled	752.fa	denovo3874.0	0.502349486	0.300359029	1747616	877914	2922882	0.811320755	0.361344538	53	43	119
gsa_pooled	304_sub.fa	denovo13303.0	0.268056039	0.255824637	5635926	1510744	5905389	0.490967742	0.136233441	1550	761	5586
gsa_pooled	287_sub.fa	denovo13122.0	0.295653767	0.249525006	2663893	787590	3156357	0.069306931	0.164705882	202	14	85
gsa_pooled	169_sub.fa	denovo11906.0	0.954697865	0.199593279	1349826	1288676	6456510	0.93495935	0.214552239	123	115	536
gsa_pooled	202_sub.fa	denovo12438.0	0.39969549	0.18924519	1567108	626366	3309812	0.258865248	0.154008439	282	73	474
gsa_pooled	324_sub.fa	denovo5713.0	0.442908724	0.188422636	2205696	976922	5184738	0.076335878	0.116731518	393	30	257
gsa_pooled	130_sub.fa	1931575	0.275114436	0.180739819	3921619	1078894	5969321	0.018348624	0.027777778	109	2	72
gsa_pooled	625.fa	839152	0.500436747	0.164610674	1062400	531664	3229827	0.906976744	0.137323944	43	39	284
gsa_pooled	213_sub.fa	263992	0.354080658	0.155564059	2602938	921650	5924569	0.322033898	0.19	59	19	100
gsa_pooled	MetaBAT.487.fa	denovo5363.0	0.77807201	0.125735068	1243917	967857	7697590	0.666666667	0.086956522	3	2	23
gsa_pooled	269_sub.fa	denovo7195.0	0.293154209	0.124927428	2876585	843283	6750183	0.122340426	0.237113402	188	23	97
gsa_pooled	259_sub.fa	192316	0.496040097	0.115088767	544079	269885	2345016	0.407407407	0.071428571	27	11	154
gsa_pooled	67_sub.fa	317389	0.572718621	0.092394339	1217893	697510	7549272	0.076923077	0.037974684	39	3	79
gsa_pooled	MetaBAT.368_sub.fa	4380294	0.390875602	0.081648369	1374688	537332	6581050	0.033613445	0.08988764	238	8	89
gsa_pooled	MetaBAT.506.fa	182712	1	0.068861168	212856	212856	3091089	1	0.0125	1	1	80
gsa_pooled	MetaBAT.43.fa	190547	1	0.050682752	276444	276444	5454400	1	0.02027027	3	3	148
gsa_pooled	255_sub.fa	denovo527.1	0.260171369	0.049611477	1230562	320157	6453285	0.350877193	0.023094688	57	20	866