sample_id	Bin_ID_kallisto	Most_abundant_genome_kallisto	Purity__bp_kallisto	Completeness__bp_kallisto	Bin_size__bp_kallisto	True_positives__bp_kallisto	True_size_of_most_abundant_genome__bp_kallisto	Purity__seq_kallisto	Completeness__seq_kallisto	Bin_size__seq_kallisto	True_positives__seq_kallisto	True_size_of_most_abundant_genome__seq_kallisto
gsa_pooled	MaxBin_kallisto.628.fa	289315.1	1	1	2591084	2591084	2591084	1	1	25	25	25
gsa_pooled	MaxBin_kallisto.235.fa	308734	1	1	4040511	4040511	4040511	1	1	14	14	14
gsa_pooled	MaxBin_kallisto.256.fa	denovo2819.0	1	1	3311720	3311720	3311720	1	1	63	63	63
gsa_pooled	MaxBin_kallisto.011.fa	2897325	1	1	3544193	3544193	3544193	1	1	28	28	28
gsa_pooled	MaxBin_kallisto.017.fa	4094866	0.999324579	1	3122498	3120389	3120389	0.333333333	1	3	1	1
gsa_pooled	MaxBin_kallisto.019.fa	denovo1874.0	0.99946766	1	6296727	6293375	6293375	0.4	1	5	2	2
gsa_pooled	MaxBin_kallisto.593.fa	136633	1	1	3719974	3719974	3719974	1	1	64	64	64
gsa_pooled	MaxBin_kallisto.594.fa	denovo4456.1	1	1	3331309	3331309	3331309	1	1	25	25	25
gsa_pooled	MaxBin_kallisto.601.fa	193418	1	1	3782154	3782154	3782154	1	1	23	23	23
gsa_pooled	MaxBin_kallisto.231.fa	291090	0.99953928	1	6691698	6688615	6688615	0.961538462	1	52	50	50
gsa_pooled	MaxBin_kallisto.705.fa	260456	1	1	4515270	4515270	4515270	1	1	59	59	59
gsa_pooled	MaxBin_kallisto.606.fa	730939.1	0.999581222	1	3242766	3241408	3241408	0.966666667	1	30	29	29
gsa_pooled	MaxBin_kallisto.225.fa	132929	0.999260391	1	3503204	3500613	3500613	0.909090909	1	11	10	10
gsa_pooled	MaxBin_kallisto.042.fa	192316.1	0.987301113	1	2508015	2476166	2476166	0.0625	1	16	1	1
gsa_pooled	MaxBin_kallisto.223.fa	276629	0.979468823	1	2492843	2441662	2441662	0.05	1	20	1	1
gsa_pooled	MaxBin_kallisto.048.fa	181719	0.998657423	1	5318129	5310989	5310989	0.333333333	1	6	2	2
gsa_pooled	MaxBin_kallisto.686.fa	354913	1	1	1789988	1789988	1789988	1	1	17	17	17
gsa_pooled	MaxBin_kallisto.055.fa	187233	1	1	3138669	3138669	3138669	1	1	5	5	5
gsa_pooled	MaxBin_kallisto.009.fa	1992	0.997704075	1	6490195	6475294	6475294	0.1	1	10	1	1
gsa_pooled	MaxBin_kallisto.692.fa	268844	1	1	3051005	3051005	3051005	1	1	47	47	47
gsa_pooled	MaxBin_kallisto.004.fa	304047	0.998521836	1	4909470	4902213	4902213	0.285714286	1	7	2	2
gsa_pooled	MaxBin_kallisto.587.fa	4440624	1	1	3270487	3270487	3270487	1	1	17	17	17
gsa_pooled	MaxBin_kallisto.310.fa	2883968.1	0.982310173	1	3871321	3802838	3802838	0.028571429	1	35	1	1
gsa_pooled	MaxBin_kallisto.307.fa	70830	1	1	2891820	2891820	2891820	1	1	10	10	10
gsa_pooled	MaxBin_kallisto.572.fa	175758	1	1	3365967	3365967	3365967	1	1	39	39	39
gsa_pooled	MaxBin_kallisto.292.fa	166664	0.998510196	1	3454816	3449669	3449669	0.5	1	2	1	1
gsa_pooled	MaxBin_kallisto.642.fa	denovo10506.0	1	1	3338573	3338573	3338573	1	1	2	2	2
gsa_pooled	55_sub.fa	4315396	0.986823451	1	1991265	1965027	1965027	0.941176471	1	34	32	32
gsa_pooled	MaxBin_kallisto.575.fa	1141335	1	1	1607564	1607564	1607564	1	1	2	2	2
gsa_pooled	MaxBin_kallisto.578.fa	342685	1	1	3006990	3006990	3006990	1	1	1	1	1
gsa_pooled	65.fa	167420	1	1	2605210	2605210	2605210	1	1	18	18	18
gsa_pooled	MaxBin_kallisto.579.fa	163997	1	1	2943279	2943279	2943279	1	1	9	9	9
gsa_pooled	6.fa	197875	1	1	2218221	2218221	2218221	1	1	9	9	9
gsa_pooled	MaxBin_kallisto.281.fa	denovo12694.1	0.999332707	1	2869804	2867889	2867889	0.96969697	1	33	32	32
gsa_pooled	MaxBin_kallisto.581.fa	831301	1	1	2127241	2127241	2127241	1	1	68	68	68
gsa_pooled	MaxBin_kallisto.586.fa	271230	1	1	2307818	2307818	2307818	1	1	20	20	20
gsa_pooled	99_sub.fa	827592.1	0.992403161	1	2997036	2974268	2974268	0.444444444	1	9	4	4
gsa_pooled	MaxBin_kallisto.683.fa	190026	1	1	5047604	5047604	5047604	1	1	46	46	46
gsa_pooled	MaxBin_kallisto.066.fa	190673	0.992414934	1	2371502	2353514	2353514	0.076923077	1	13	1	1
gsa_pooled	MaxBin_kallisto.681.fa	4312974	0.999226672	1	2952175	2949892	2949892	0.75	1	4	3	3
gsa_pooled	MaxBin_kallisto.625.fa	344828	1	1	2115674	2115674	2115674	1	1	1	1	1
gsa_pooled	MaxBin_kallisto.659.fa	133719	0.967448623	1	3137686	3035550	3035550	0.033333333	1	30	1	1
gsa_pooled	MaxBin_kallisto.658.fa	10512	1	1	1718984	1718984	1718984	1	1	4	4	4
gsa_pooled	MaxBin_kallisto.657.fa	267042	1	1	3006613	3006613	3006613	1	1	62	62	62
gsa_pooled	MaxBin_kallisto.655.fa	727945	0.998745851	1	2286809	2283941	2283941	0.925925926	1	27	25	25
gsa_pooled	MaxBin_kallisto.133.fa	denovo2313.0	1	1	2562407	2562407	2562407	1	1	25	25	25
gsa_pooled	MaxBin_kallisto.654.fa	1871227	0.999258337	1	1754166	1752865	1752865	0.5	1	2	1	1
gsa_pooled	MaxBin_kallisto.136.fa	1135084.1	0.995981703	1	5437627	5415777	5415777	0.625	1	40	25	25
gsa_pooled	MaxBin_kallisto.627.fa	193680	1	1	5128335	5128335	5128335	1	1	1	1	1
gsa_pooled	MaxBin_kallisto.652.fa	184470	1	1	2576417	2576417	2576417	1	1	61	61	61
gsa_pooled	MaxBin_kallisto.164.fa	denovo12370.0	0.983188173	1	2784052	2737247	2737247	0.071428571	1	28	2	2
gsa_pooled	MaxBin_kallisto.651.fa	180879	0.997152184	1	3181736	3172675	3172675	0.962962963	1	27	26	26
gsa_pooled	MaxBin_kallisto.649.fa	1111328	0.998948058	1	3265388	3261953	3261953	0.966101695	1	59	57	57
gsa_pooled	MaxBin_kallisto.632.fa	185222	0.9996847	1	4151603	4150294	4150294	0.666666667	1	3	2	2
gsa_pooled	MaxBin_kallisto.643.fa	denovo10394.0	0.992785418	1	3311765	3287872	3287872	0.285714286	1	7	2	2
gsa_pooled	MaxBin_kallisto.150.fa	3588390	0.991212032	1	5155913	5110603	5110603	0.631578947	1	57	36	36
gsa_pooled	MaxBin_kallisto.123.fa	denovo4463.0	0.993924548	1	2951550	2933618	2933618	0.872340426	1	47	41	41
gsa_pooled	MaxBin_kallisto.665.fa	269378	1	1	3006092	3006092	3006092	1	1	38	38	38
gsa_pooled	MaxBin_kallisto.207.fa	denovo9703.0	0.986889714	1	2496513	2463783	2463783	0.043478261	1	23	1	1
gsa_pooled	MaxBin_kallisto.182.fa	258485	0.994381185	1	2483264	2469311	2469311	0.111111111	1	9	1	1
gsa_pooled	MaxBin_kallisto.073.fa	455671	1	1	2459094	2459094	2459094	1	1	4	4	4
gsa_pooled	MaxBin_kallisto.075.fa	182764	0.994734369	1	2021980	2011333	2011333	0.333333333	1	9	3	3
gsa_pooled	MaxBin_kallisto.678.fa	133892	0.999321691	1	1888519	1887238	1887238	0.5	1	2	1	1
gsa_pooled	MaxBin_kallisto.204.fa	denovo4507.0	0.997272119	1	3272504	3263577	3263577	0.5	1	8	4	4
gsa_pooled	MaxBin_kallisto.200.fa	denovo3535.0	0.995075247	1	2492511	2480236	2480236	0.333333333	1	9	3	3
gsa_pooled	MaxBin_kallisto.675.fa	134065	1	1	3715067	3715067	3715067	1	1	37	37	37
gsa_pooled	MaxBin_kallisto.673.fa	1871	0.995405805	1	2327938	2317243	2317243	0.866666667	1	45	39	39
gsa_pooled	MaxBin_kallisto.191.fa	denovo8002.0	0.992951582	1	2360104	2343469	2343469	0.083333333	1	12	1	1
gsa_pooled	MaxBin_kallisto.189.fa	187962	0.996309215	1	2980667	2969666	2969666	0.428571429	1	14	6	6
gsa_pooled	MaxBin_kallisto.616.fa	4449518	1	1	3734239	3734239	3734239	1	1	1	1	1
gsa_pooled	MaxBin_kallisto.102.fa	166911	1	1	2097744	2097744	2097744	1	1	3	3	3
gsa_pooled	MaxBin_kallisto.618.fa	184966	1	1	5128746	5128746	5128746	1	1	1	1	1
gsa_pooled	MaxBin_kallisto.672.fa	4417539	1	1	2402624	2402624	2402624	1	1	35	35	35
gsa_pooled	MaxBin_kallisto.624.fa	2883968	1	1	3631720	3631720	3631720	1	1	38	38	38
gsa_pooled	MaxBin_kallisto.112.fa	269125	0.999410672	1	3006812	3005040	3005040	0.5	1	2	1	1
gsa_pooled	360.fa	4372003	1	1	6741325	6741325	6741325	1	1	18	18	18
gsa_pooled	MaxBin_kallisto.701.fa	3265889	1	1	2782452	2782452	2782452	1	1	11	11	11
gsa_pooled	342.fa	denovo7143.0	1	1	4623705	4623705	4623705	1	1	22	22	22
gsa_pooled	MaxBin_kallisto.526.fa	381666	1	1	3754188	3754188	3754188	1	1	24	24	24
gsa_pooled	MaxBin_kallisto.493.fa	4378740	1	1	3134147	3134147	3134147	1	1	54	54	54
gsa_pooled	MaxBin_kallisto.449.fa	835900	1	1	3753279	3753279	3753279	1	1	41	41	41
gsa_pooled	MetaBAT_kallisto.76.fa	463794.1	1	1	2058319	2058319	2058319	1	1	1	1	1
gsa_pooled	196.fa	637934	1	1	5817203	5817203	5817203	1	1	2	2	2
gsa_pooled	MaxBin_kallisto.496.fa	196122	0.999553367	1	2762897	2761663	2761663	0.967741935	1	31	30	30
gsa_pooled	MaxBin_kallisto.443.fa	176952	0.991929933	1	3104683	3079628	3079628	0.868421053	1	38	33	33
gsa_pooled	MaxBin_kallisto.442.fa	168984	1	1	4438047	4438047	4438047	1	1	53	53	53
gsa_pooled	MaxBin_kallisto.498.fa	192673	0.999094703	1	7231884	7225337	7225337	0.333333333	1	3	1	1
gsa_pooled	MaxBin_kallisto.433.fa	191318	1	1	4847588	4847588	4847588	1	1	1	1	1
gsa_pooled	MaxBin_kallisto.504.fa	273737	1	1	2912982	2912982	2912982	1	1	75	75	75
gsa_pooled	MaxBin_kallisto.427.fa	278098	0.997798082	1	2975587	2969035	2969035	0.87804878	1	41	36	36
gsa_pooled	MetaBAT_kallisto.380.fa	192598	1	1	3376141	3376141	3376141	1	1	10	10	10
gsa_pooled	MaxBin_kallisto.423.fa	168517	1	1	2470533	2470533	2470533	1	1	4	4	4
gsa_pooled	MaxBin_kallisto.422.fa	denovo12532.0	1	1	1718921	1718921	1718921	1	1	7	7	7
gsa_pooled	MaxBin_kallisto.513.fa	405780	1	1	3008574	3008574	3008574	1	1	1	1	1
gsa_pooled	MaxBin_kallisto.517.fa	4471135	0.999741699	1	4715421	4714203	4714203	0.5	1	2	1	1
gsa_pooled	MaxBin_kallisto.392.fa	1108453	1	1	3642287	3642287	3642287	1	1	55	55	55
gsa_pooled	18.fa	228730.1	0.997488295	1	2378464	2372490	2372490	0.5	1	2	1	1
gsa_pooled	MaxBin_kallisto.452.fa	190114	1	1	3247436	3247436	3247436	1	1	56	56	56
gsa_pooled	MaxBin_kallisto.461.fa	denovo9767.0	1	1	3909028	3909028	3909028	1	1	41	41	41
gsa_pooled	MaxBin_kallisto.472.fa	1571092	1	1	2768794	2768794	2768794	1	1	6	6	6
gsa_pooled	MaxBin_kallisto.480.fa	573135	1	1	7909964	7909964	7909964	1	1	1	1	1
gsa_pooled	MaxBin_kallisto.479.fa	319702	1	1	3418858	3418858	3418858	1	1	59	59	59
gsa_pooled	MaxBin_kallisto.483.fa	4402042	1	1	6627992	6627992	6627992	1	1	126	126	126
gsa_pooled	MetaBAT_kallisto.897.fa	463794	1	1	2316463	2316463	2316463	1	1	3	3	3
gsa_pooled	MaxBin_kallisto.475.fa	denovo9909.0	1	1	3214653	3214653	3214653	1	1	25	25	25
gsa_pooled	124.fa	1107652	1	1	3488169	3488169	3488169	1	1	22	22	22
gsa_pooled	MaxBin_kallisto.474.fa	335965	0.999148166	1	2809234	2806841	2806841	0.909090909	1	11	10	10
gsa_pooled	MaxBin_kallisto.471.fa	1108599	1	1	4628174	4628174	4628174	1	1	204	204	204
gsa_pooled	MaxBin_kallisto.462.fa	denovo4581.0	1	1	2879945	2879945	2879945	1	1	3	3	3
gsa_pooled	MaxBin_kallisto.470.fa	1105328	0.999538797	1	3490872	3489262	3489262	0.981481481	1	54	53	53
gsa_pooled	147.fa	4355314	1	1	5351597	5351597	5351597	1	1	40	40	40
gsa_pooled	156_sub.fa	832848	0.989389182	1	2730421	2701449	2701449	0.68	1	25	17	17
gsa_pooled	MaxBin_kallisto.486.fa	129394	1	1	3925251	3925251	3925251	1	1	59	59	59
gsa_pooled	159_sub.fa	4405128	0.950434271	1	3980230	3782947	3782947	0.111111111	1	9	1	1
gsa_pooled	MaxBin_kallisto.465.fa	263992.1	1	1	4165854	4165854	4165854	1	1	72	72	72
gsa_pooled	MaxBin_kallisto.487.fa	827592	0.991166536	1	4941323	4897674	4897674	0.2	1	5	1	1
gsa_pooled	MaxBin_kallisto.387.fa	denovo4069.0	1	1	4522926	4522926	4522926	1	1	98	98	98
gsa_pooled	MaxBin_kallisto.154.fa	183958	0.989073101	1	2437288	2410656	2410656	0.090909091	1	11	1	1
gsa_pooled	MaxBin_kallisto.355.fa	denovo10014.0	0.999050717	1	4407539	4403355	4403355	0.952380952	1	42	40	40
gsa_pooled	MaxBin_kallisto.543.fa	denovo8648.0	0.993656751	1	1799078	1787666	1787666	0.5	1	6	3	3
gsa_pooled	MaxBin_kallisto.350.fa	denovo420.0	0.995776742	1	2530274	2519588	2519588	0.8	1	20	16	16
gsa_pooled	MaxBin_kallisto.546.fa	259983	1	1	2894541	2894541	2894541	1	1	19	19	19
gsa_pooled	MaxBin_kallisto.549.fa	180944	1	1	4573710	4573710	4573710	1	1	46	46	46
gsa_pooled	321_sub.fa	denovo4615.0	1	1	2819272	2819272	2819272	1	1	47	47	47
gsa_pooled	MaxBin_kallisto.356.fa	136604	1	1	4315063	4315063	4315063	1	1	68	68	68
gsa_pooled	292_sub.fa	181719.1	0.993979508	1	4946440	4916660	4916660	0.945945946	1	111	105	105
gsa_pooled	290.fa	192222	1	1	3553494	3553494	3553494	1	1	13	13	13
gsa_pooled	MaxBin_kallisto.358.fa	229455	1	1	4068710	4068710	4068710	1	1	1	1	1
gsa_pooled	MaxBin_kallisto.558.fa	822112	1	1	4916615	4916615	4916615	1	1	1	1	1
gsa_pooled	MaxBin_kallisto.370.fa	1995182	1	1	1991959	1991959	1991959	1	1	1	1	1
gsa_pooled	MaxBin_kallisto.552.fa	denovo10721.0	1	1	2186353	2186353	2186353	1	1	1	1	1
gsa_pooled	MetaBAT_kallisto.262.fa	denovo3498.0	1	1	2367016	2367016	2367016	1	1	1	1	1
gsa_pooled	MaxBin_kallisto.555.fa	351309	1	1	4218314	4218314	4218314	1	1	55	55	55
gsa_pooled	MaxBin_kallisto.562.fa	denovo9521.0	1	1	3168267	3168267	3168267	1	1	2	2	2
gsa_pooled	327.fa	177917	1	1	2339839	2339839	2339839	1	1	2	2	2
gsa_pooled	MaxBin_kallisto.539.fa	259846	1	1	3061211	3061211	3061211	1	1	37	37	37
gsa_pooled	MaxBin_kallisto.556.fa	1111580	1	1	3177713	3177713	3177713	1	1	15	15	15
gsa_pooled	MaxBin_kallisto.534.fa	denovo389.0	1	1	1978257	1978257	1978257	1	1	3	3	3
gsa_pooled	MaxBin_kallisto.563_sub.fa	denovo4607.0	1	1	3041784	3041784	3041784	1	1	31	31	31
gsa_pooled	MaxBin_kallisto.532.fa	174959	1	1	2841676	2841676	2841676	1	1	96	96	96
gsa_pooled	MaxBin_kallisto.531.fa	175613	1	1	4733698	4733698	4733698	1	1	86	86	86
gsa_pooled	MaxBin_kallisto.706.fa	denovo5602.0	0.996525651	1	4406293	4390984	4390984	0.416666667	1	12	5	5
gsa_pooled	MaxBin_kallisto.527.fa	denovo8298.0	0.995467146	1	3571039	3554852	3554852	0.076923077	1	13	1	1
gsa_pooled	MaxBin_kallisto.352.fa	denovo7466.0	1	1	3207527	3207527	3207527	1	1	83	83	83
gsa_pooled	MaxBin_kallisto.357.fa	146564.1	0.999357582	0.99994056	3804374	3801930	3802156	0.928571429	0.962962963	28	26	27
gsa_pooled	126.fa	4394913	1	0.999930828	3715114	3715114	3715371	1	0.875	7	7	8
gsa_pooled	90_sub.fa	827522	0.994603898	0.999917348	3576100	3556803	3557097	0.963636364	0.981481481	55	53	54
gsa_pooled	151.fa	270030	1	0.999909262	3636509	3636509	3636839	1	0.981818182	54	54	55
gsa_pooled	MaxBin_kallisto.268.fa	4329571	0.999495406	0.999897398	6454693	6451436	6452098	0.96969697	0.96969697	33	32	33
gsa_pooled	MaxBin_kallisto.249.fa	317389	1	0.999896944	7548494	7548494	7549272	1	0.974683544	77	77	79
gsa_pooled	MaxBin_kallisto.503.fa	173916	1	0.999864418	7249257	7249257	7250240	1	0.958333333	23	23	24
gsa_pooled	MaxBin_kallisto.260.fa	191325	0.98749421	0.999860685	6446614	6365994	6366881	0.5	0.894736842	34	17	19
gsa_pooled	MaxBin_kallisto.573.fa	denovo3878.0	0.999562627	0.999840219	2366399	2365364	2365742	0.971428571	0.971428571	35	34	35
gsa_pooled	MaxBin_kallisto.419.fa	134065.1	1	0.999833204	3476719	3476719	3477299	1	0.961538462	25	25	26
gsa_pooled	MaxBin_kallisto.591.fa	262642	1	0.999821686	2708216	2708216	2708699	1	0.984126984	62	62	63
gsa_pooled	MaxBin_kallisto.426.fa	193418.1	1	0.999799574	4903579	4903579	4904562	1	0.96	24	24	25
gsa_pooled	298.fa	1684221	1	0.999786149	4586325	4586325	4587306	1	0.944444444	34	34	36
gsa_pooled	MaxBin_kallisto.690.fa	228140	1	0.99977505	4439984	4439984	4440983	1	0.970588235	33	33	34
gsa_pooled	60.fa	170926	1	0.999764286	4194779	4194779	4195768	1	0.975	39	39	40
gsa_pooled	MaxBin_kallisto.670.fa	denovo8808.1	0.977388922	0.999759108	2394888	2340737	2341301	0.960784314	0.98	51	49	50
gsa_pooled	MaxBin_kallisto.664_sub.fa	268844.1	0.990809469	0.999753863	3582927	3549998	3550872	0.84962406	0.99122807	133	113	114
gsa_pooled	MaxBin_kallisto.218.fa	3486634	0.998835832	0.99974365	5969929	5962979	5964508	0.964285714	0.975903614	84	81	83
gsa_pooled	98_sub.fa	denovo5363.0	0.967492073	0.999742647	7954183	7695609	7697590	0.37037037	0.869565217	54	20	23
gsa_pooled	MaxBin_kallisto.482.fa	267451	1	0.999739885	3509075	3509075	3509988	1	0.944444444	17	17	18
gsa_pooled	MaxBin_kallisto.101.fa	263687	1	0.999733294	3658486	3658486	3659462	1	0.978723404	46	46	47
gsa_pooled	MaxBin_kallisto.582.fa	181348	1	0.999717621	5214915	5214915	5216388	1	0.9375	45	45	48
gsa_pooled	MaxBin_kallisto.571.fa	172161.1	1	0.999711956	2530136	2530136	2530865	1	0.916666667	11	11	12
gsa_pooled	MaxBin_kallisto.468.fa	184451	1	0.99968201	2757069	2757069	2757946	1	0.952380952	20	20	21
gsa_pooled	MaxBin_kallisto.520.fa	denovo10305.0	0.986004119	0.999677693	2991523	2949654	2950605	0.822222222	0.973684211	45	37	38
gsa_pooled	MaxBin_kallisto.682.fa	4480176	1	0.999673165	3049476	3049476	3050473	1	0.99	99	99	100
gsa_pooled	347_sub.fa	271602	0.98910914	0.999671657	4669512	4618657	4620174	0.878787879	0.988636364	99	87	88
gsa_pooled	MaxBin_kallisto.224.fa	164237	1	0.999670547	2943306	2943306	2944276	1	0.916666667	11	11	12
gsa_pooled	MaxBin_kallisto.481.fa	675509	0.99522408	0.999661015	1582313	1574756	1575290	0.875	0.954545455	48	42	44
gsa_pooled	MaxBin_kallisto.523_sub.fa	1108078	0.998049712	0.999660332	2913416	2907734	2908722	0.921052632	0.972222222	38	35	36
gsa_pooled	MaxBin_kallisto.584.fa	318732.1	0.991150818	0.999645621	6907305	6846181	6848608	0.7	0.903225806	40	28	31
gsa_pooled	MaxBin_kallisto.484.fa	denovo8803.0	1	0.999641765	2631405	2631405	2632348	1	0.857142857	6	6	7
gsa_pooled	MaxBin_kallisto.421.fa	193680.1	1	0.99962619	2604631	2604631	2605605	1	0.979166667	47	47	48
gsa_pooled	MaxBin_kallisto.691.fa	167509	1	0.999571754	4427801	4427801	4429698	1	0.930232558	40	40	43
gsa_pooled	MetaBAT_kallisto.324.fa	45363	0.996766699	0.999567555	3689418	3677489	3679080	0.741935484	0.92	31	23	25
gsa_pooled	312.fa	229459	1	0.999558851	2456135	2456135	2457219	1	0.987341772	156	156	158
gsa_pooled	42_sub.fa	10518	0.928483452	0.999548059	4070890	3779754	3781463	0.878787879	0.97752809	99	87	89
gsa_pooled	MaxBin_kallisto.704.fa	262633	1	0.99953023	4187314	4187314	4189282	1	0.977272727	86	86	88
gsa_pooled	MaxBin_kallisto.397.fa	262258	1	0.999529916	3361647	3361647	3363228	1	0.956521739	22	22	23
gsa_pooled	MaxBin_kallisto.028.fa	denovo1832.0	0.99938323	0.99951065	5522316	5518910	5521612	0.951219512	0.928571429	41	39	42
gsa_pooled	22_sub.fa	609589	0.952115064	0.999496124	4420931	4209235	4211357	0.953488372	0.976190476	86	82	84
gsa_pooled	232_sub.fa	355440	0.983414597	0.999494768	4431668	4358167	4360370	0.75	0.942857143	44	33	35
gsa_pooled	MaxBin_kallisto.545.fa	4336940	0.999403093	0.99948634	3673940	3671747	3673634	0.976190476	0.953488372	42	41	43
gsa_pooled	MaxBin_kallisto.308.fa	330296	0.998884829	0.999428835	5011789	5006200	5009061	0.939759036	0.962962963	83	78	81
gsa_pooled	128.fa	269828	1	0.999416537	2512831	2512831	2514298	1	0.909090909	20	20	22
gsa_pooled	MaxBin_kallisto.021.fa	4387250	0.998391145	0.999391484	5314961	5306410	5309641	0.772727273	0.80952381	22	17	21
gsa_pooled	MaxBin_kallisto.078.fa	1033413	0.998788635	0.999366767	3273993	3270027	3272099	0.968253968	0.968253968	63	61	63
gsa_pooled	MaxBin_kallisto.510.fa	180869	1	0.999279331	2064647	2064647	2066136	1	0.976190476	41	41	42
gsa_pooled	7_sub.fa	180972	0.977576164	0.999272603	4803237	4695530	4698948	0.8125	0.951219512	96	78	82
gsa_pooled	MaxBin_kallisto.680.fa	189840	0.999504169	0.999220966	3126063	3124513	3126949	0.962962963	0.896551724	27	26	29
gsa_pooled	MaxBin_kallisto.688.fa	665703	1	0.999150745	3023610	3023610	3026180	1	0.857142857	30	30	35
gsa_pooled	MaxBin_kallisto.677.fa	172640.1	0.998811531	0.999147327	6075885	6068664	6073843	0.941176471	0.909090909	85	80	88
gsa_pooled	MaxBin_kallisto.294.fa	192777	1	0.999096038	3251620	3251620	3254562	1	0.965217391	111	111	115
gsa_pooled	66.fa	187400	1	0.999086472	3402368	3402368	3405479	1	0.95890411	140	140	146
gsa_pooled	MaxBin_kallisto.550.fa	522433	0.989797511	0.999075023	4606131	4559137	4563358	0.972222222	0.945945946	180	175	185
gsa_pooled	37.fa	179343	1	0.999070135	2801025	2801025	2803632	1	0.958041958	137	137	143
gsa_pooled	MaxBin_kallisto.660.fa	261114	1	0.99905069	2166885	2166885	2168944	1	0.7	7	7	10
gsa_pooled	MaxBin_kallisto.399.fa	denovo3874.0	0.998367796	0.99904991	2924879	2920105	2922882	0.982905983	0.966386555	117	115	119
gsa_pooled	MaxBin_kallisto.246.fa	180731	0.994824166	0.998986094	5344259	5316598	5321994	0.7	0.960784314	70	49	51
gsa_pooled	163.fa	4327881	1	0.99898221	4211705	4211705	4215996	1	0.875	28	28	32
gsa_pooled	MaxBin_kallisto.339.fa	3265889.1	0.999476706	0.998917884	3099596	3097974	3101330	0.965517241	0.875	29	28	32
gsa_pooled	109_sub.fa	259993	0.956917872	0.998901163	1813513	1735383	1737292	0.20754717	0.785714286	53	11	14
gsa_pooled	45.fa	315496	1	0.998807604	3108510	3108510	3112221	1	0.945945946	35	35	37
gsa_pooled	MaxBin_kallisto.097.fa	831178	1	0.998799227	5358435	5358435	5364877	1	0.693877551	34	34	49
gsa_pooled	MaxBin_kallisto.046.fa	196664	0.998988535	0.998761161	4888950	4884005	4890063	0.950819672	0.852941176	61	58	68
gsa_pooled	48_sub.fa	4469576	0.961491789	0.998684489	3677008	3535413	3540070	0.903225806	0.98245614	186	168	171
gsa_pooled	91_sub.fa	839200	0.890316109	0.998643045	6059878	5395207	5402538	0.887417219	0.946996466	302	268	283
gsa_pooled	MaxBin_kallisto.194.fa	730939	0.99115481	0.998637309	3079527	3052288	3056453	0.641509434	0.894736842	53	34	38
gsa_pooled	MaxBin_kallisto.398.fa	303652	1	0.998576627	1986107	1986107	1988938	1	0.912280702	52	52	57
gsa_pooled	MaxBin_kallisto.275.fa	3154070	0.989582677	0.998551453	5757429	5697452	5705717	0.725806452	0.9	62	45	50
gsa_pooled	MetaBAT_kallisto.272.fa	181344	1	0.998533276	2505313	2505313	2508993	1	0.8	12	12	15
gsa_pooled	9.fa	676211	1	0.998476751	4895212	4895212	4902680	1	0.828571429	87	87	105
gsa_pooled	MaxBin_kallisto.374.fa	354971	1	0.998467815	3707309	3707309	3712998	1	0.78125	25	25	32
gsa_pooled	MaxBin_kallisto.437.fa	70830.1	1	0.998433748	2853940	2853940	2858417	1	0.935064935	72	72	77
gsa_pooled	295.fa	denovo5088.0	1	0.998413042	5947228	5947228	5956681	1	0.935064935	72	72	77
gsa_pooled	MaxBin_kallisto.393.fa	305012	0.998779382	0.998382347	5112166	5105926	5114199	0.973684211	0.967320261	152	148	153
gsa_pooled	23.fa	denovo12924.0	1	0.99830881	3832815	3832815	3839308	1	0.897727273	79	79	88
gsa_pooled	MaxBin_kallisto.203.fa	288521	1	0.998299127	1948619	1948619	1951939	1	0.984615385	64	64	65
gsa_pooled	MaxBin_kallisto.435.fa	denovo9564.0	0.998961483	0.998259494	4109707	4105439	4112597	0.977099237	0.955223881	131	128	134
gsa_pooled	MaxBin_kallisto.448.fa	262326	0.93690798	0.998211742	4534583	4248487	4256098	0.525641026	0.911111111	156	82	90
gsa_pooled	MaxBin_kallisto.541.fa	denovo1959.0	0.998962842	0.998190156	4694560	4689691	4698194	0.975409836	0.92248062	122	119	129
gsa_pooled	MaxBin_kallisto.687.fa	denovo10697.0	0.999308684	0.99815465	3272018	3269756	3275801	0.956521739	0.977777778	46	44	45
gsa_pooled	MaxBin_kallisto.444.fa	188548	0.998849076	0.998132405	4370402	4365372	4373540	0.931034483	0.830769231	58	54	65
gsa_pooled	MaxBin_kallisto.290.fa	231021	0.999633503	0.998124539	3819951	3818551	3825726	0.97826087	0.9	46	45	50
gsa_pooled	MaxBin_kallisto.211.fa	4365130	0.998488529	0.998108105	5110914	5103189	5112862	0.93258427	0.864583333	89	83	96
gsa_pooled	MaxBin_kallisto.694.fa	262326.1	0.998012243	0.997959972	3474771	3467864	3474953	0.827586207	0.96	29	24	25
gsa_pooled	MaxBin_kallisto.363.fa	291950	0.99145867	0.997895709	3737474	3705551	3713365	0.553191489	0.666666667	47	26	39
gsa_pooled	179_sub.fa	denovo4594.1	0.99749882	0.997845174	2448844	2442719	2447994	0.945945946	0.921052632	37	35	38
gsa_pooled	MaxBin_kallisto.110_sub.fa	denovo8025.0	0.928297913	0.997841543	7257878	6737473	6752047	0.756756757	0.903225806	111	84	93
gsa_pooled	MaxBin_kallisto.333.fa	373939	1	0.997824318	1869818	1869818	1873895	1	0.87804878	36	36	41
gsa_pooled	MaxBin_kallisto.010.fa	4340358	0.999710723	0.997746615	5479176	5477591	5489962	0.992424242	0.873333333	132	131	150
gsa_pooled	MaxBin_kallisto.222.fa	denovo8373.1	1	0.997697783	2194555	2194555	2199619	1	0.91954023	80	80	87
gsa_pooled	MaxBin_kallisto.361.fa	210073	1	0.997690813	4241462	4241462	4251279	1	0.909090909	150	150	165
gsa_pooled	MaxBin_kallisto.301.fa	4334624	1	0.997688139	3611227	3611227	3619595	1	0.852941176	58	58	68
gsa_pooled	MetaBAT_kallisto.32.fa	3997242	1	0.997638506	7067767	7067767	7084497	1	0.933333333	14	14	15
gsa_pooled	MaxBin_kallisto.478.fa	340960	1	0.997588382	2115454	2115454	2120568	1	0.879518072	73	73	83
gsa_pooled	MaxBin_kallisto.180.fa	4401580	0.990194789	0.997322122	5263018	5211413	5225406	0.8	0.8	85	68	85
gsa_pooled	MaxBin_kallisto.636.fa	187028	1	0.997285866	2356403	2356403	2362816	1	0.711111111	32	32	45
gsa_pooled	211.fa	1107303	1	0.997278437	3555528	3555528	3565231	1	0.948497854	221	221	233
gsa_pooled	MetaBAT_kallisto.827.fa	3029968	1	0.997189792	3329516	3329516	3338899	1	0.922077922	71	71	77
gsa_pooled	MaxBin_kallisto.669.fa	194787	1	0.997092981	2889047	2889047	2897470	1	0.84	21	21	25
gsa_pooled	MaxBin_kallisto.265.fa	4378740.1	1	0.996920711	3212898	3212898	3222822	1	0.797101449	55	55	69
gsa_pooled	MaxBin_kallisto.169.fa	4381553.1	0.985486963	0.996821619	6027546	5940068	5959008	0.858333333	0.78030303	120	103	132
gsa_pooled	MaxBin_kallisto.699.fa	denovo5795.0	0.996222248	0.996815851	2769107	2758646	2767458	0.96	0.923076923	150	144	156
gsa_pooled	MaxBin_kallisto.429.fa	denovo4408.0	1	0.996753254	2345792	2345792	2353433	1	0.835443038	66	66	79
gsa_pooled	MaxBin_kallisto.300.fa	260756	1	0.996679507	5602788	5602788	5621454	1	0.876190476	184	184	210
gsa_pooled	MaxBin_kallisto.574.fa	4476780	1	0.996385585	2858973	2858973	2869344	1	0.839622642	89	89	106
gsa_pooled	MaxBin_kallisto.438.fa	1109178.1	0.989910311	0.99635162	3549168	3513358	3526223	0.941489362	0.912371134	188	177	194
gsa_pooled	MaxBin_kallisto.629.fa	269058	0.999479082	0.996324442	2869932	2868437	2879019	0.991071429	0.925	112	111	120
gsa_pooled	MaxBin_kallisto.702.fa	828435	1	0.996264899	3500036	3500036	3513158	1	0.869047619	146	146	168
gsa_pooled	MaxBin_kallisto.201.fa	179616	1	0.996248221	3219144	3219144	3231267	1	0.7	49	49	70
gsa_pooled	217.fa	132338	1	0.9962335	5260610	5260610	5280499	1	0.923255814	397	397	430
gsa_pooled	335_sub.fa	188299	0.868024808	0.996215361	3781491	3282428	3294898	0.883268482	0.91902834	257	227	247
gsa_pooled	MetaBAT_kallisto.14.fa	3957916	1	0.996002267	3588140	3588140	3602542	1	0.59375	19	19	32
gsa_pooled	176.fa	270730	1	0.995870822	3747921	3747921	3763461	1	0.935309973	347	347	371
gsa_pooled	MaxBin_kallisto.212_sub.fa	denovo4382.1	0.99438042	0.995858161	2313518	2300517	2310085	0.9375	0.945945946	112	105	111
gsa_pooled	MaxBin_kallisto.284.fa	denovo8158.0	0.992241752	0.995794741	2596978	2576830	2587712	0.971659919	0.91954023	247	240	261
gsa_pooled	MaxBin_kallisto.695.fa	denovo2950.0	1	0.995636499	2463136	2463136	2473931	1	0.905555556	163	163	180
gsa_pooled	MaxBin_kallisto.014.fa	188610	0.99873918	0.995496453	3607175	3602627	3618925	0.973913043	0.903225806	115	112	124
gsa_pooled	MaxBin_kallisto.416.fa	denovo2276.1	0.980689726	0.995449568	3908800	3833320	3850843	0.944598338	0.944598338	361	341	361
gsa_pooled	MaxBin_kallisto.347.fa	3327894.1	0.999083653	0.995384304	6944969	6938605	6970780	0.952380952	0.536912752	84	80	149
gsa_pooled	62.fa	325850	1	0.995227653	7289325	7289325	7324279	1	0.936827957	697	697	744
gsa_pooled	MetaBAT_kallisto.233.fa	228785	1	0.995225183	2279205	2279205	2290140	1	0.939189189	139	139	148
gsa_pooled	MetaBAT_kallisto.354.fa	649107.1	1	0.995125823	6576698	6576698	6608911	1	0.871428571	183	183	210
gsa_pooled	MaxBin_kallisto.209.fa	230268	0.999192507	0.995052472	3223558	3220955	3236970	0.96969697	0.703296703	66	64	91
gsa_pooled	MaxBin_kallisto.018.fa	178546	1	0.994816085	2138007	2138007	2149148	1	0.840336134	100	100	119
gsa_pooled	MaxBin_kallisto.653.fa	denovo9179.0	1	0.994751585	4436795	4436795	4460204	1	0.937254902	239	239	255
gsa_pooled	106_sub.fa	denovo13122.0	0.960250053	0.99453769	3269061	3139116	3156357	0.917647059	0.917647059	85	78	85
gsa_pooled	MaxBin_kallisto.344.fa	190547	0.999164075	0.994459519	5428718	5424180	5454400	0.983606557	0.810810811	122	120	148
gsa_pooled	MetaBAT_kallisto.91.fa	4443094	1	0.994456549	6087344	6087344	6121277	1	0.808510638	76	76	94
gsa_pooled	MaxBin_kallisto.291.fa	270448.1	0.997217434	0.994389679	3696229	3685944	3706740	0.963414634	0.929411765	246	237	255
gsa_pooled	MaxBin_kallisto.590.fa	176850	1	0.994384309	2953569	2953569	2970249	1	0.84	126	126	150
gsa_pooled	MaxBin_kallisto.689.fa	denovo6811.0	1	0.994181208	2003469	2003469	2015195	1	0.7375	59	59	80
gsa_pooled	MaxBin_kallisto.317.fa	denovo3222.0	1	0.994179832	1545888	1545888	1554938	1	0.625	20	20	32
gsa_pooled	MetaBAT_kallisto.81.fa	344525	1	0.994106132	6180665	6180665	6217309	1	0.85	17	17	20
gsa_pooled	MaxBin_kallisto.488.fa	denovo4635.0	0.996209881	0.993955174	1945849	1938474	1950263	0.962264151	0.772727273	53	51	66
gsa_pooled	MaxBin_kallisto.566.fa	262104	0.999679587	0.993949554	4775093	4773563	4802621	0.99691358	0.847769029	324	323	381
gsa_pooled	MaxBin_kallisto.507.fa	437137	1	0.993935346	2333464	2333464	2347702	1	0.766990291	79	79	103
gsa_pooled	33_sub.fa	4407703	0.986667068	0.993715389	2425948	2393603	2408741	0.965986395	0.871165644	147	142	163
gsa_pooled	MaxBin_kallisto.098.fa	26608	1	0.993704421	1675331	1675331	1685945	1	0.8	84	84	105
gsa_pooled	MaxBin_kallisto.612.fa	262095	1	0.99369592	3120550	3120550	3140347	1	0.820652174	151	151	184
gsa_pooled	MaxBin_kallisto.459.fa	191948	1	0.993466689	2753686	2753686	2771795	1	0.9375	15	15	16
gsa_pooled	MaxBin_kallisto.293.fa	304080	0.999253295	0.99342764	3398931	3396393	3418863	0.991304348	0.897637795	230	228	254
gsa_pooled	MaxBin_kallisto.599.fa	4365109	0.992482833	0.993369074	6619914	6570151	6614008	0.038461538	0.5	26	1	2
gsa_pooled	MetaBAT_kallisto.274.fa	310407	1	0.993356121	4706417	4706417	4737895	1	0.823529412	56	56	68
gsa_pooled	MaxBin_kallisto.305_sub.fa	276484	1	0.993221936	4620534	4620534	4652066	1	0.723076923	94	94	130
gsa_pooled	MaxBin_kallisto.278.fa	denovo10808.0	1	0.993125189	3025251	3025251	3046193	1	0.828402367	140	140	169
gsa_pooled	MaxBin_kallisto.156.fa	260679	1	0.993080337	2719766	2719766	2738717	1	0.790322581	49	49	62
gsa_pooled	MetaBAT_kallisto.886.fa	denovo4689.0	1	0.992822643	3417093	3417093	3441796	1	0.911764706	155	155	170
gsa_pooled	MaxBin_kallisto.095.fa	318764	1	0.992685047	1528867	1528867	1540133	1	0.82300885	93	93	113
gsa_pooled	MaxBin_kallisto.529.fa	260201	1	0.992678277	2607201	2607201	2626431	1	0.898039216	229	229	255
gsa_pooled	322_sub.fa	839152	0.99875643	0.992660598	3210114	3206122	3229827	0.988326848	0.894366197	257	254	284
gsa_pooled	266_sub.fa	4455308	0.98369452	0.992477248	3255286	3202207	3226479	0.75	0.6	36	27	45
gsa_pooled	MaxBin_kallisto.441.fa	263834.1	1	0.992422396	2887186	2887186	2909231	1	0.726027397	106	106	146
gsa_pooled	MaxBin_kallisto.382_sub.fa	denovo4974.0	0.990984315	0.992386177	2537134	2514260	2533550	0.985611511	0.904290429	278	274	303
gsa_pooled	MaxBin_kallisto.410.fa	171322	0.992735355	0.992372512	2937377	2916038	2938451	0.88372093	0.844444444	43	38	45
gsa_pooled	MaxBin_kallisto.214.fa	denovo1402.0	0.990401474	0.992336171	2251700	2230087	2247310	0.934210526	0.717171717	76	71	99
gsa_pooled	87.fa	denovo4276.0	1	0.992215388	3369367	3369367	3395802	1	0.860927152	260	260	302
gsa_pooled	MaxBin_kallisto.719.fa	3946926	1	0.992204958	2272958	2272958	2290815	1	0.715328467	98	98	137
gsa_pooled	MetaBAT_kallisto.207.fa	denovo8312.0	1	0.992185288	4537939	4537939	4573681	1	0.923636364	254	254	275
gsa_pooled	339.fa	denovo7705.0	0.983502028	0.992167668	2050252	2016427	2032345	0.961722488	0.905405405	209	201	222
gsa_pooled	MaxBin_kallisto.215.fa	293580	0.997731285	0.99209841	4620678	4610195	4646913	0.930232558	0.888888889	86	80	90
gsa_pooled	MetaBAT_kallisto.488.fa	176853	1	0.991805972	3372177	3372177	3400037	1	0.891025641	139	139	156
gsa_pooled	MaxBin_kallisto.171.fa	179464.1	0.998366318	0.991797669	2232381	2228734	2247166	0.978571429	0.919463087	140	137	149
gsa_pooled	121_sub.fa	denovo2333.0	1	0.991788999	6718340	6718340	6773961	1	0.855513308	225	225	263
gsa_pooled	MaxBin_kallisto.515.fa	denovo8808.0	0.99960498	0.991516844	6503471	6500902	6556522	0.973684211	0.948717949	76	74	78
gsa_pooled	MaxBin_kallisto.025.fa	171232	0.999476536	0.991452821	2042164	2041095	2058691	0.995391705	0.87804878	217	216	246
gsa_pooled	311.fa	denovo1324.0	1	0.991451426	4384686	4384686	4422492	1	0.824096386	342	342	415
gsa_pooled	MetaBAT_kallisto.166_sub.fa	denovo2529.0	0.999427069	0.991318708	4105207	4102855	4138785	0.985294118	0.905405405	136	134	148
gsa_pooled	MetaBAT_kallisto.287.fa	267406.1	1	0.991316818	3208041	3208041	3236141	1	0.656716418	44	44	67
gsa_pooled	MetaBAT_kallisto.123.fa	319219	1	0.991096481	5988977	5988977	6042779	1	0.777777778	21	21	27
gsa_pooled	MaxBin_kallisto.221.fa	denovo852.0	0.999637729	0.991028936	3340040	3338830	3369054	0.997005988	0.9	334	333	370
gsa_pooled	MetaBAT_kallisto.371.fa	denovo9553.0	1	0.990843455	2150379	2150379	2170251	1	0.9	126	126	140
gsa_pooled	MaxBin_kallisto.538.fa	denovo2511.0	1	0.99075392	2643702	2643702	2668374	1	0.845238095	71	71	84
gsa_pooled	MaxBin_kallisto.341.fa	276236	0.99727342	0.990679295	2030749	2025212	2044266	0.980645161	0.888888889	155	152	171
gsa_pooled	63_sub.fa	348376.1	0.929920456	0.990584271	3098051	2880941	2908325	0.883333333	0.876033058	120	106	121
gsa_pooled	MetaBAT_kallisto.26.fa	833816	0.998976146	0.990578919	4216423	4212106	4252166	0.969230769	0.969230769	65	63	65
gsa_pooled	MaxBin_kallisto.298.fa	denovo5418.0	0.996762255	0.990405016	3582741	3571141	3605738	0.955128205	0.943037975	156	149	158
gsa_pooled	MaxBin_kallisto.368.fa	259511	0.999510041	0.990234362	5765785	5762960	5819794	0.977777778	0.936170213	90	88	94
gsa_pooled	247.fa	336277	0.999017115	0.990153706	3826489	3822728	3860742	0.996212121	0.832278481	264	263	316
gsa_pooled	MaxBin_kallisto.142.fa	195123.1	0.998682252	0.99003628	4390824	4385038	4429169	0.913793103	0.481818182	58	53	110
gsa_pooled	MetaBAT_kallisto.116.fa	262634	1	0.990034121	2376667	2376667	2400591	1	0.895348837	77	77	86
gsa_pooled	MaxBin_kallisto.324.fa	denovo404.0	1	0.989997025	2139935	2139935	2161557	1	0.936842105	178	178	190
gsa_pooled	MaxBin_kallisto.238.fa	denovo532.0	0.998128425	0.989958136	2193340	2189235	2211442	0.955882353	0.613207547	68	65	106
gsa_pooled	MaxBin_kallisto.619.fa	denovo4594.0	0.996672218	0.989957206	1552085	1546920	1562613	0.891891892	0.647058824	37	33	51
gsa_pooled	MaxBin_kallisto.138.fa	296045	0.997481389	0.989829291	6558376	6541858	6609077	0.953642384	0.72361809	151	144	199
gsa_pooled	191.fa	209377	0.998687682	0.98977661	2228118	2225194	2248178	0.975609756	0.879120879	82	80	91
gsa_pooled	MaxBin_kallisto.648.fa	4421276	0.999443406	0.989670555	2502721	2501328	2527435	0.991869919	0.757763975	123	122	161
gsa_pooled	MaxBin_kallisto.103.fa	539647	1	0.989643451	2119460	2119460	2141640	1	0.637168142	72	72	113
gsa_pooled	MetaBAT_kallisto.623.fa	denovo8389.0	1	0.989633144	5998022	5998022	6060854	1	0.892307692	58	58	65
gsa_pooled	MaxBin_kallisto.580.fa	1109178	0.999344293	0.989468044	3553419	3551089	3588887	0.985185185	0.910958904	135	133	146
gsa_pooled	MaxBin_kallisto.219.fa	312322	1	0.989300922	2310263	2310263	2335248	1	0.508474576	60	60	118
gsa_pooled	MetaBAT_kallisto.811.fa	319134	1	0.988956753	3824633	3824633	3867341	1	0.8	56	56	70
gsa_pooled	MetaBAT_kallisto.820.fa	denovo4306.0	1	0.988886294	2133805	2133805	2157786	1	0.855371901	207	207	242
gsa_pooled	MaxBin_kallisto.316.fa	272953	0.986635582	0.988593741	3579954	3532110	3572863	0.94140625	0.833910035	256	241	289
gsa_pooled	MetaBAT_kallisto.375.fa	3141094	1	0.988355253	5922876	5922876	5992659	1	0.891891892	231	231	259
gsa_pooled	291.fa	denovo7195.0	1	0.988143433	6670149	6670149	6750183	1	0.958762887	93	93	97
gsa_pooled	MetaBAT_kallisto.800.fa	denovo3777.0	1	0.987952505	1944006	1944006	1967712	1	0.6	39	39	65
gsa_pooled	MaxBin_kallisto.551.fa	316381	1	0.987822233	3519904	3519904	3563297	1	0.867256637	98	98	113
gsa_pooled	MetaBAT_kallisto.821.fa	denovo9225.0	1	0.987543846	2871421	2871421	2907639	1	0.72826087	67	67	92
gsa_pooled	MaxBin_kallisto.565.fa	denovo1277.0	0.999209912	0.987503784	2722481	2720330	2754754	0.995249406	0.869294606	421	419	482
gsa_pooled	MaxBin_kallisto.597.fa	denovo13353.0	1	0.987428103	739399	739399	748813	1	0.85483871	53	53	62
gsa_pooled	MetaBAT_kallisto.636.fa	245324.1	1	0.987332965	2971656	2971656	3009781	1	0.733333333	22	22	30
gsa_pooled	MetaBAT_kallisto.445.fa	275984	1	0.987078495	3235514	3235514	3277869	1	0.75	78	78	104
gsa_pooled	MaxBin_kallisto.024.fa	174573	1	0.98706749	2081751	2081751	2109026	1	0.693877551	136	136	196
gsa_pooled	MetaBAT_kallisto.454.fa	1678333.1	1	0.986969063	3762407	3762407	3812082	1	0.803921569	41	41	51
gsa_pooled	MaxBin_kallisto.205_sub.fa	denovo3050.0	0.992063055	0.98662259	2197949	2180504	2210069	0.953488372	0.814569536	129	123	151
gsa_pooled	MaxBin_kallisto.327.fa	denovo3683.0	0.991595747	0.98602669	3581282	3551184	3601509	0.923857868	0.919191919	197	182	198
gsa_pooled	MaxBin_kallisto.027.fa	339549	0.987767537	0.985432037	2406302	2376867	2412005	0.85106383	0.8	141	120	150
gsa_pooled	MetaBAT_kallisto.120.fa	261277	1	0.985020335	4182945	4182945	4246557	1	0.873563218	76	76	87
gsa_pooled	118_sub.fa	denovo4967.0	0.980407283	0.984107126	2488833	2440070	2479476	0.903448276	0.834394904	290	262	314
gsa_pooled	MetaBAT_kallisto.314.fa	denovo6356.0	1	0.984080889	3027825	3027825	3076805	1	0.935483871	58	58	62
gsa_pooled	186.fa	denovo8150.0	0.998564732	0.983963429	3343627	3338828	3393244	0.991701245	0.850533808	241	239	281
gsa_pooled	MaxBin_kallisto.306.fa	334395	0.986641001	0.983949248	2887417	2848844	2895316	0.974358974	0.863636364	156	152	176
gsa_pooled	MetaBAT_kallisto.551.fa	denovo8255.1	1	0.983721339	1755797	1755797	1784852	1	0.8	8	8	10
gsa_pooled	MaxBin_kallisto.192.fa	178274	0.98145277	0.983281657	2319376	2276358	2315062	0.846774194	0.882352941	124	105	119
gsa_pooled	101_sub.fa	4390319	0.99571423	0.983279119	5941056	5915594	6016190	0.985185185	0.568376068	135	133	234
gsa_pooled	MetaBAT_kallisto.372.fa	4351214	1	0.983028203	2676774	2676774	2722988	1	0.702702703	26	26	37
gsa_pooled	MetaBAT_kallisto.242.fa	denovo11993.0	1	0.982693322	2387648	2387648	2429698	1	0.807692308	63	63	78
gsa_pooled	MetaBAT_kallisto.561.fa	174805	1	0.982637455	3841289	3841289	3909162	1	0.793103448	69	69	87
gsa_pooled	MetaBAT_kallisto.214.fa	denovo5303.0	1	0.982531378	1861951	1861951	1895055	1	0.87755102	43	43	49
gsa_pooled	MaxBin_kallisto.542.fa	110016	1	0.982415829	2853526	2853526	2904601	1	0.841614907	271	271	322
gsa_pooled	MaxBin_kallisto.108.fa	296045.1	0.836968742	0.981991879	6189997	5180834	5275842	0.114238411	0.8625	604	69	80
gsa_pooled	216_sub.fa	4449984	0.956755855	0.981878571	2062152	1972976	2009389	0.954022989	0.838383838	348	332	396
gsa_pooled	MetaBAT_kallisto.923.fa	259087	1	0.981679027	3069888	3069888	3127181	1	0.856707317	281	281	328
gsa_pooled	MetaBAT_kallisto.223.fa	denovo2795.0	1	0.98143003	5051334	5051334	5146912	1	0.86	172	172	200
gsa_pooled	325_sub.fa	577294	1	0.98142951	4525872	4525872	4611510	1	0.80952381	34	34	42
gsa_pooled	MetaBAT_kallisto.312.fa	denovo8298.1	1	0.981403774	2677454	2677454	2728188	1	0.709677419	44	44	62
gsa_pooled	49_sub.fa	denovo2417.0	0.975017712	0.981112444	6162526	6008572	6124244	0.897911833	0.875565611	431	387	442
gsa_pooled	249.fa	4256470	1	0.980965919	4800394	4800394	4893538	1	0.85625	137	137	160
gsa_pooled	MetaBAT_kallisto.600.fa	denovo1719.0	0.974522952	0.980885953	4745958	4625045	4715171	0.294117647	0.471698113	85	25	53
gsa_pooled	MaxBin_kallisto.605.fa	233991.1	1	0.980316051	3808471	3808471	3884942	1	0.22754491	38	38	167
gsa_pooled	MetaBAT_kallisto.582.fa	4444771.1	0.996900468	0.980029583	3366315	3355881	3424265	0.993103448	0.842105263	145	144	171
gsa_pooled	MaxBin_kallisto.630.fa	267123	1	0.97994233	2076781	2076781	2119289	1	0.820375335	306	306	373
gsa_pooled	MaxBin_kallisto.354.fa	4380294	0.98904929	0.979536244	6517751	6446377	6581050	0.663636364	0.820224719	110	73	89
gsa_pooled	MaxBin_kallisto.446.fa	4413214	1	0.979521152	4739035	4739035	4838114	1	0.713375796	560	560	785
gsa_pooled	MetaBAT_kallisto.299_sub.fa	267536	1	0.979446314	3499737	3499737	3573179	1	0.867816092	151	151	174
gsa_pooled	MaxBin_kallisto.490.fa	denovo13345.0	0.986731646	0.979443274	2230646	2201049	2247245	0.995652174	0.874045802	230	229	262
gsa_pooled	MaxBin_kallisto.439.fa	268720	0.999645389	0.979035228	3175308	3174182	3242153	0.997946612	0.846689895	487	486	574
gsa_pooled	MetaBAT_kallisto.739.fa	2645488	1	0.978089005	3069703	3069703	3138470	1	0.90647482	126	126	139
gsa_pooled	MaxBin_kallisto.348.fa	denovo2183.0	0.997982376	0.977731879	1843257	1839538	1881434	0.984536082	0.760956175	194	191	251
gsa_pooled	353_sub.fa	827195	0.99963589	0.977569393	3496196	3494923	3575115	0.998355263	0.810413885	608	607	749
gsa_pooled	MetaBAT_kallisto.418.fa	denovo4917.0	0.979898087	0.977484555	3806205	3729693	3815603	0.982905983	0.851851852	117	115	135
gsa_pooled	MetaBAT_kallisto.688.fa	denovo10559.0	1	0.97699474	2081160	2081160	2130165	1	0.71	71	71	100
gsa_pooled	134.fa	3377773	0.998991497	0.976932529	1596425	1594815	1632472	0.997375328	0.898345154	381	380	423
gsa_pooled	269_sub.fa	3016478	0.82475863	0.976808072	4961882	4092355	4189518	0.760683761	0.905084746	351	267	295
gsa_pooled	270_sub.fa	339549.1	0.996029215	0.976571771	2318433	2309227	2364626	0.956521739	0.404907975	69	66	163
gsa_pooled	228_sub.fa	661259	1	0.976440175	2149552	2149552	2201417	1	0.646017699	73	73	113
gsa_pooled	MetaBAT_kallisto.803.fa	460611	1	0.976192596	4550923	4550923	4661911	1	0.769230769	70	70	91
gsa_pooled	MaxBin_kallisto.477.fa	4460109.1	0.998571142	0.976056438	4087179	4081339	4181458	0.987080103	0.834061135	387	382	458
gsa_pooled	208_sub.fa	271880	0.957019127	0.975900574	3835078	3670243	3760878	0.972809668	0.821428571	662	644	784
gsa_pooled	MetaBAT_kallisto.583.fa	194878	1	0.975834005	3317699	3317699	3399860	1	0.736842105	28	28	38
gsa_pooled	MaxBin_kallisto.494.fa	denovo9942.1	0.983521619	0.97577387	2086370	2051990	2102936	0.956521739	0.864048338	299	286	331
gsa_pooled	MetaBAT_kallisto.477.fa	264155	1	0.975590759	3013674	3013674	3089076	1	0.653061224	96	96	147
gsa_pooled	MaxBin_kallisto.258.fa	denovo3118.0	0.996784067	0.975474787	2934763	2925325	2998873	0.985533454	0.8515625	553	545	640
gsa_pooled	MetaBAT_kallisto.438.fa	denovo8847.0	1	0.975455025	3723623	3723623	3817319	1	0.948717949	37	37	39
gsa_pooled	MaxBin_kallisto.685.fa	denovo9081.0	0.985494079	0.975335272	2008697	1979559	2029619	0.913705584	0.895522388	197	180	201
gsa_pooled	MetaBAT_kallisto.158.fa	4397402	1	0.975296685	3138731	3138731	3218232	1	0.794871795	93	93	117
gsa_pooled	MaxBin_kallisto.107_sub.fa	denovo12438.0	0.996748161	0.97526506	3238475	3227944	3309812	0.982233503	0.816455696	394	387	474
gsa_pooled	MaxBin_kallisto.634.fa	denovo3138.0	1	0.974845677	1826698	1826698	1873833	1	0.813559322	288	288	354
gsa_pooled	MetaBAT_kallisto.351_sub.fa	188785	1	0.974281541	3064246	3064246	3145134	1	0.813953488	245	245	301
gsa_pooled	MetaBAT_kallisto.508.fa	169106	1	0.974118829	2132087	2132087	2188734	1	0.837837838	93	93	111
gsa_pooled	MetaBAT_kallisto.509.fa	denovo717.1	1	0.973837258	1922457	1922457	1974105	1	0.307692308	20	20	65
gsa_pooled	MetaBAT_kallisto.467.fa	263171	1	0.973785818	6878675	6878675	7063848	1	0.864	108	108	125
gsa_pooled	MetaBAT_kallisto.478.fa	174358	1	0.973171292	4801125	4801125	4933484	1	0.936170213	132	132	141
gsa_pooled	MaxBin_kallisto.299.fa	denovo8186.0	1	0.97190661	3362827	3362827	3460031	1	0.801369863	117	117	146
gsa_pooled	MetaBAT_kallisto.679.fa	180535	1	0.971521149	2722484	2722484	2802290	1	0.281690141	20	20	71
gsa_pooled	MaxBin_kallisto.518.fa	318732	1	0.971236145	6435603	6435603	6626198	1	0.79057187	1023	1023	1294
gsa_pooled	MetaBAT_kallisto.185.fa	denovo12129.0	1	0.971199042	5007646	5007646	5156148	1	0.611111111	22	22	36
gsa_pooled	MetaBAT_kallisto.541.fa	1109559	1	0.970490165	2939375	2939375	3028753	1	0.829787234	78	78	94
gsa_pooled	MaxBin_kallisto.148.fa	denovo9575.0	0.990671171	0.970432677	3029855	3001590	3093043	0.980530973	0.800578035	565	554	692
gsa_pooled	MaxBin_kallisto.676.fa	179927	0.998142112	0.96992664	2953354	2947867	3039268	0.992628993	0.782945736	407	404	516
gsa_pooled	MetaBAT_kallisto.480.fa	4474255	1	0.969876791	2737646	2737646	2822674	1	0.735849057	117	117	159
gsa_pooled	MetaBAT_kallisto.337.fa	4449984.1	1	0.969308491	2032479	2032479	2096834	1	0.781818182	43	43	55
gsa_pooled	MetaBAT_kallisto.547.fa	1889556	1	0.968041261	3725864	3725864	3848869	1	0.473684211	54	54	114
gsa_pooled	155.fa	4464113.1	0.999604898	0.968025199	3702839	3701376	3823636	0.998648649	0.807650273	740	739	915
gsa_pooled	MaxBin_kallisto.386.fa	194950	0.99897011	0.96790609	4646127	4641342	4795240	0.997206704	0.799552072	716	714	893
gsa_pooled	MaxBin_kallisto.243.fa	denovo13042.0	1	0.967863047	2512948	2512948	2596388	1	0.833333333	410	410	492
gsa_pooled	MaxBin_kallisto.495_sub.fa	denovo2609.0	0.974891316	0.96773605	2943404	2869499	2965167	0.870192308	0.900497512	208	181	201
gsa_pooled	MetaBAT_kallisto.652.fa	denovo1065.0	0.995230603	0.967577551	4140565	4120817	4258901	0.996655518	0.805405405	299	298	370
gsa_pooled	MetaBAT_kallisto.426.fa	182712	0.943332953	0.966367193	3166567	2987127	3091089	0.862068966	0.625	58	50	80
gsa_pooled	MetaBAT_kallisto.872.fa	denovo12921.0	1	0.966307654	4176057	4176057	4321664	1	0.80952381	119	119	147
gsa_pooled	MaxBin_kallisto.006_sub.fa	999986.1	0.998784359	0.964539169	2753280	2749933	2851033	0.980952381	0.624242424	105	103	165
gsa_pooled	MetaBAT_kallisto.103.fa	denovo1739.0	1	0.964089962	3226087	3226087	3346251	1	0.860927152	130	130	151
gsa_pooled	MetaBAT_kallisto.915.fa	denovo7794.1	1	0.964058462	4793880	4793880	4972603	1	0.80733945	88	88	109
gsa_pooled	187.fa	denovo7933.0	0.969747199	0.964011637	3144370	3049244	3163078	0.875202593	0.824427481	617	540	655
gsa_pooled	MetaBAT_kallisto.813.fa	denovo1235.0	1	0.96299652	2421214	2421214	2514250	1	0.772334294	268	268	347
gsa_pooled	MetaBAT_kallisto.535.fa	denovo2465.0	1	0.962058419	2985046	2985046	3102770	1	0.546391753	53	53	97
gsa_pooled	MaxBin_kallisto.040.fa	denovo159.0	0.981193129	0.962054743	2492706	2445826	2542294	0.885608856	0.792079208	271	240	303
gsa_pooled	MetaBAT_kallisto.506.fa	137043	1	0.961990245	3095042	3095042	3217332	1	0.56	14	14	25
gsa_pooled	MetaBAT_kallisto.532.fa	272949.1	1	0.961739491	4008862	4008862	4168345	1	0.814814815	154	154	189
gsa_pooled	MaxBin_kallisto.608_sub.fa	denovo1773.0	0.995590578	0.96165962	2030198	2021246	2101831	0.985663082	0.727513228	279	275	378
gsa_pooled	MaxBin_kallisto.450.fa	1106006	0.993068638	0.961212413	3685567	3660021	3807713	0.996323529	0.848200313	544	542	639
gsa_pooled	MetaBAT_kallisto.703.fa	194490	1	0.960863023	3713308	3713308	3864555	1	0.65625	21	21	32
gsa_pooled	MetaBAT_kallisto.585.fa	999986	0.992904871	0.960857946	2584731	2566392	2670938	0.833333333	0.642857143	54	45	70
gsa_pooled	MaxBin_kallisto.183.fa	denovo725.0	0.943288638	0.960109646	2329639	2197522	2288824	0.763948498	0.741666667	233	178	240
gsa_pooled	MaxBin_kallisto.227.fa	denovo8255.0	0.957606591	0.960097066	2090608	2001980	2085185	0.755868545	0.875	213	161	184
gsa_pooled	MetaBAT_kallisto.601_sub.fa	172640	1	0.960094482	3070867	3070867	3198505	1	0.662337662	51	51	77
gsa_pooled	MetaBAT_kallisto.723.fa	306306	1	0.959708982	2733851	2733851	2848625	1	0.518867925	110	110	212
gsa_pooled	MetaBAT_kallisto.229.fa	denovo4266.0	1	0.959605243	3610627	3610627	3762617	1	0.765913758	373	373	487
gsa_pooled	MetaBAT_kallisto.257.fa	denovo5454.0	1	0.959381044	3032851	3032851	3161258	1	0.853107345	151	151	177
gsa_pooled	218_sub.fa	178480	0.874667576	0.959339015	4464176	3904670	4070167	0.867924528	0.901960784	53	46	51
gsa_pooled	MaxBin_kallisto.167_sub.fa	denovo5848.0	0.850292579	0.959144856	2779074	2363026	2463680	0.662824207	0.795847751	347	230	289
gsa_pooled	MetaBAT_kallisto.155.fa	179513	1	0.957356062	3110828	3110828	3249395	1	0.417582418	38	38	91
gsa_pooled	MetaBAT_kallisto.320.fa	denovo9569.0	0.997368221	0.957132205	4050112	4039453	4220371	0.993103448	0.76056338	435	432	568
gsa_pooled	MetaBAT_kallisto.650.fa	1513771	1	0.956768552	2019482	2019482	2110732	1	0.696428571	78	78	112
gsa_pooled	MetaBAT_kallisto.542.fa	denovo944.0	0.994742262	0.954752747	2680240	2666148	2792501	0.9375	0.703125	48	45	64
gsa_pooled	MetaBAT_kallisto.736.fa	161277	1	0.954513048	4963087	4963087	5199601	1	0.733333333	33	33	45
gsa_pooled	MaxBin_kallisto.175.fa	326662	0.994525361	0.953968143	5243633	5214926	5466562	0.954954955	0.813299233	333	318	391
gsa_pooled	MetaBAT_kallisto.718.fa	denovo11716.0	1	0.95318731	2110086	2110086	2213716	1	0.69470405	223	223	321
gsa_pooled	MetaBAT_kallisto.208.fa	denovo9308.0	1	0.95232018	2392334	2392334	2512111	1	0.790190736	290	290	367
gsa_pooled	MaxBin_kallisto.188.fa	denovo1457.0	0.949050798	0.952297587	4864453	4616613	4847868	0.947315096	0.771452145	987	935	1212
gsa_pooled	MetaBAT_kallisto.300.fa	299171	0.995138973	0.952085819	2915845	2901671	3047699	0.931506849	0.596491228	73	68	114
gsa_pooled	MaxBin_kallisto.408.fa	denovo11386.0	0.995720692	0.95185043	1924844	1916607	2013559	0.987394958	0.761750405	476	470	617
gsa_pooled	MaxBin_kallisto.325.fa	denovo274.0	0.993869685	0.951609015	5921229	5884930	6184189	0.992614476	0.82252142	677	672	817
gsa_pooled	MaxBin_kallisto.185_sub.fa	995147	0.807730932	0.951600969	2644778	2136269	2244921	0.382716049	0.81938326	486	186	227
gsa_pooled	MetaBAT_kallisto.590.fa	170328	1	0.951102498	4187146	4187146	4402413	1	0.783783784	29	29	37
gsa_pooled	213.fa	261373	1	0.950376716	2305708	2305708	2426099	1	0.736645963	593	593	805
gsa_pooled	MetaBAT_kallisto.651.fa	295590	1	0.950164103	1540731	1540731	1621542	1	0.8125	91	91	112
gsa_pooled	221_sub.fa	173965	0.995426437	0.950140455	1684682	1676977	1764978	0.993318486	0.74457429	449	446	599
gsa_pooled	MaxBin_kallisto.378.fa	denovo193.0	0.99925498	0.949939485	2683150	2681151	2822444	0.99765808	0.799249531	427	426	533
gsa_pooled	MaxBin_kallisto.287.fa	denovo11906.0	0.980854818	0.94942376	6249614	6129964	6456510	0.921971253	0.837686567	487	449	536
gsa_pooled	MetaBAT_kallisto.356.fa	4379247	1	0.949295333	2329229	2329229	2453640	1	0.763779528	97	97	127
gsa_pooled	MaxBin_kallisto.381.fa	denovo5363.1	0.978564791	0.949005372	5837172	5712051	6018987	0.853813559	0.8125	472	403	496
gsa_pooled	MetaBAT_kallisto.132.fa	264359.1	1	0.947545191	2799780	2799780	2954772	1	0.68115942	47	47	69
gsa_pooled	MetaBAT_kallisto.471.fa	denovo8733.0	1	0.947214287	1920602	1920602	2027632	1	0.643776824	150	150	233
gsa_pooled	MetaBAT_kallisto.374.fa	denovo10581.0	1	0.947207153	3318527	3318527	3503486	1	0.632183908	55	55	87
gsa_pooled	MaxBin_kallisto.264.fa	denovo9305.0	1	0.946597274	3965402	3965402	4189112	1	0.696369637	422	422	606
gsa_pooled	MetaBAT_kallisto.838.fa	174824	1	0.94633537	3870347	3870347	4089826	1	0.72	54	54	75
gsa_pooled	MetaBAT_kallisto.443.fa	denovo2280.0	1	0.946289628	1696456	1696456	1792745	1	0.511627907	66	66	129
gsa_pooled	252_sub.fa	175706	0.999157739	0.945859655	2202406	2200551	2326509	0.993377483	0.704225352	151	150	213
gsa_pooled	MaxBin_kallisto.252_sub.fa	denovo13136.0	0.961985907	0.945404502	2878222	2768809	2928703	0.758333333	0.896551724	240	182	203
gsa_pooled	MaxBin_kallisto.432.fa	324985	0.992242289	0.945114972	3753040	3723925	3940182	0.978350515	0.737947123	970	949	1286
gsa_pooled	MaxBin_kallisto.489.fa	1931575	1	0.945032944	5641205	5641205	5969321	1	0.791666667	57	57	72
gsa_pooled	194.fa	261315	0.998911342	0.944909009	2293650	2291153	2424734	0.996879875	0.719594595	641	639	888
gsa_pooled	MetaBAT_kallisto.248.fa	3600504	0.999406831	0.944197898	5143558	5140507	5444311	0.987654321	0.747663551	81	80	107
gsa_pooled	MetaBAT_kallisto.555.fa	182712.1	1	0.94399315	3499376	3499376	3706993	1	0.708333333	34	34	48
gsa_pooled	MetaBAT_kallisto.634.fa	267406	1	0.943823539	2799475	2799475	2966100	1	0.927272727	51	51	55
gsa_pooled	MetaBAT_kallisto.831.fa	289627	1	0.943755184	1714655	1714655	1816843	1	0.701357466	155	155	221
gsa_pooled	MaxBin_kallisto.241.fa	3919797	0.968116279	0.943696565	5328895	5158990	5466789	0.941176471	0.827586207	51	48	58
gsa_pooled	93_sub.fa	denovo10393.1	0.828290485	0.943405693	3219047	2666306	2826256	0.529100529	0.917431193	189	100	109
gsa_pooled	MaxBin_kallisto.320.fa	denovo1064.0	0.991630062	0.943245275	5014613	4972641	5271843	0.982926829	0.67278798	410	403	599
gsa_pooled	MetaBAT_kallisto.464.fa	175333	1	0.942880834	2094540	2094540	2221426	1	0.808510638	38	38	47
gsa_pooled	MaxBin_kallisto.315.fa	denovo2199.0	0.99964857	0.94276355	3741851	3740536	3967629	0.997375328	0.748031496	381	380	508
gsa_pooled	MetaBAT_kallisto.389.fa	197644.1	1	0.942647772	1902924	1902924	2018701	1	0.762114537	173	173	227
gsa_pooled	MetaBAT_kallisto.717.fa	340139	1	0.942426645	3979945	3979945	4223082	1	0.6	21	21	35
gsa_pooled	MaxBin_kallisto.405_sub.fa	318503.1	0.901905816	0.942104815	2504491	2258815	2397626	0.858306189	0.76046176	614	527	693
gsa_pooled	MaxBin_kallisto.038.fa	1756274	0.969940106	0.94203372	2479716	2405176	2553174	0.929745889	0.717416378	669	622	867
gsa_pooled	158_sub.fa	denovo6615.1	0.974819568	0.941225154	5755064	5610149	5960475	0.974394464	0.740662809	1445	1408	1901
gsa_pooled	MetaBAT_kallisto.145.fa	denovo273.0	1	0.940479443	2808945	2808945	2986716	1	0.684466019	282	282	412
gsa_pooled	MetaBAT_kallisto.714.fa	181717	1	0.93982909	3910767	3910767	4161147	1	0.898989899	89	89	99
gsa_pooled	MetaBAT_kallisto.290.fa	179838	1	0.939167213	4846486	4846486	5160408	1	0.637931034	37	37	58
gsa_pooled	MaxBin_kallisto.068.fa	denovo4538.0	0.9990309	0.938697001	5991123	5985317	6376197	0.997030438	0.740761169	1347	1343	1813
gsa_pooled	MaxBin_kallisto.329.fa	166664.1	0.995811198	0.93861989	6255966	6229761	6637150	0.99078341	0.818527919	651	645	788
gsa_pooled	MaxBin_kallisto.113_sub.fa	denovo6242.0	0.960519884	0.93810295	2205262	2118198	2257959	0.847583643	0.721518987	269	228	316
gsa_pooled	MetaBAT_kallisto.427.fa	denovo11206.0	1	0.93653974	3086879	3086879	3296047	1	0.757575758	200	200	264
gsa_pooled	MetaBAT_kallisto.925.fa	denovo5786.0	1	0.936445901	2610298	2610298	2787452	1	0.654320988	53	53	81
gsa_pooled	MetaBAT_kallisto.876.fa	3319464	1	0.936238356	1549320	1549320	1654835	1	0.504587156	55	55	109
gsa_pooled	MaxBin_kallisto.362.fa	denovo6472.0	0.949870807	0.935793792	4631832	4399642	4701508	0.923449612	0.731389102	1032	953	1303
gsa_pooled	MetaBAT_kallisto.469.fa	135956	1	0.935752553	2606899	2606899	2785885	1	0.563318777	129	129	229
gsa_pooled	MetaBAT_kallisto.687.fa	denovo2227.0	1	0.935415405	2950216	2950216	3153910	1	0.69047619	87	87	126
gsa_pooled	MetaBAT_kallisto.268.fa	851733	1	0.934315607	2535328	2535328	2713567	1	0.542168675	45	45	83
gsa_pooled	MaxBin_kallisto.674.fa	133719.1	0.990121949	0.933889128	1928518	1909468	2044641	0.985294118	0.761363636	340	335	440
gsa_pooled	MetaBAT_kallisto.526.fa	189789	1	0.931770104	3736468	3736468	4010075	1	0.607843137	62	62	102
gsa_pooled	MetaBAT_kallisto.388.fa	263518	1	0.931510787	3959694	3959694	4250830	1	0.76	38	38	50
gsa_pooled	MetaBAT_kallisto.812.fa	4449524	1	0.93125506	3093349	3093349	3321699	1	0.472440945	60	60	127
gsa_pooled	329_sub.fa	322900	0.982233907	0.930966804	2942853	2890570	3104912	0.964547677	0.716621253	818	789	1101
gsa_pooled	MaxBin_kallisto.190.fa	denovo10679.0	0.799965889	0.930821553	2650148	2120028	2277588	0.518930958	0.708206687	449	233	329
gsa_pooled	MetaBAT_kallisto.510.fa	339329	1	0.92951614	2703098	2703098	2908070	1	0.649797571	321	321	494
gsa_pooled	MaxBin_kallisto.187.fa	denovo5222.0	0.971441268	0.92785351	2182835	2120496	2285378	0.894878706	0.756264237	371	332	439
gsa_pooled	MetaBAT_kallisto.741.fa	denovo10247.1	0.948407347	0.92781878	4956132	4700432	5066110	0.859470468	0.712837838	982	844	1184
gsa_pooled	MaxBin_kallisto.696.fa	816702	0.99976674	0.927558581	4497136	4496087	4847227	0.999085923	0.724320742	1094	1093	1509
gsa_pooled	MaxBin_kallisto.255.fa	denovo2990.0	0.923056517	0.925169364	3777136	3486510	3768510	0.781204112	0.809741248	681	532	657
gsa_pooled	MaxBin_kallisto.403_sub.fa	180362	0.999701513	0.924307561	6898131	6896072	7460798	0.994459834	0.856801909	361	359	419
gsa_pooled	297_sub.fa	denovo944.1	0.860896543	0.924054987	3397917	2925255	3165672	0.816243655	0.698523023	985	804	1151
gsa_pooled	MaxBin_kallisto.458.fa	denovo12305.0	0.99628122	0.923870559	2398367	2389448	2586345	0.995275591	0.690710383	635	632	915
gsa_pooled	MaxBin_kallisto.499.fa	4442899	0.998755489	0.922166088	2935290	2931637	3179077	0.991416309	0.843065693	233	231	274
gsa_pooled	MaxBin_kallisto.668.fa	denovo7590.0	0.996891491	0.919982749	3524198	3513243	3818814	0.992966002	0.739737991	853	847	1145
gsa_pooled	MaxBin_kallisto.508.fa	331878	0.999573984	0.91996844	2671259	2670121	2902405	0.998726115	0.673539519	785	784	1164
gsa_pooled	MetaBAT_kallisto.142.fa	162576	1	0.918835836	5718520	5718520	6223658	1	0.6890625	441	441	640
gsa_pooled	MetaBAT_kallisto.292.fa	denovo4013.0	1	0.918723754	4435025	4435025	4827376	1	0.755725191	198	198	262
gsa_pooled	MaxBin_kallisto.244.fa	denovo10694.0	0.993413999	0.918180733	2338141	2322742	2529722	0.988195616	0.706024096	593	586	830
gsa_pooled	MaxBin_kallisto.331.fa	160140.1	0.99424849	0.916890145	4124482	4100760	4472466	0.978761062	0.80377907	565	553	688
gsa_pooled	MaxBin_kallisto.656_sub.fa	264225.1	0.992694591	0.916410755	4832310	4797008	5234561	0.98757764	0.754150198	966	954	1265
gsa_pooled	52_sub.fa	denovo329.0	0.865286993	0.916227553	2681456	2320229	2532372	0.866022099	0.69281768	724	627	905
gsa_pooled	MetaBAT_kallisto.281.fa	4354103	1	0.915173221	2102033	2102033	2296869	1	0.525835866	173	173	329
gsa_pooled	MetaBAT_kallisto.148.fa	175529	1	0.914200051	3466589	3466589	3791937	1	0.75	48	48	64
gsa_pooled	MetaBAT_kallisto.377.fa	denovo8413.0	0.921979373	0.913801136	2710373	2498908	2734630	0.518518519	0.777777778	108	56	72
gsa_pooled	MaxBin_kallisto.371.fa	837859.1	0.807742245	0.913136275	3719309	3004243	3290027	0.757369615	0.695109261	882	668	961
gsa_pooled	MaxBin_kallisto.377.fa	denovo9794.0	0.999680863	0.911530626	3913677	3912428	4292152	0.997690531	0.813559322	433	432	531
gsa_pooled	MaxBin_kallisto.621.fa	4444771	0.98632267	0.910725191	4535900	4473861	4912416	0.964577657	0.751592357	734	708	942
gsa_pooled	MaxBin_kallisto.640.fa	denovo3492.0	0.999087212	0.910357508	3301973	3298959	3623806	0.997961264	0.66734833	981	979	1467
gsa_pooled	MetaBAT_kallisto.177.fa	denovo2073.0	1	0.909976362	1528278	1528278	1679470	1	0.5	8	8	16
gsa_pooled	MaxBin_kallisto.286_sub.fa	denovo4458.0	0.887794842	0.909425967	4447505	3948472	4341719	0.922024624	0.701352758	731	674	961
gsa_pooled	MetaBAT_kallisto.393.fa	denovo7309.0	1	0.909352164	2309609	2309609	2539840	1	0.649271845	535	535	824
gsa_pooled	MetaBAT_kallisto.341.fa	denovo10718.0	0.998104416	0.908920332	2990107	2984439	3283499	0.979695431	0.717472119	197	193	269
gsa_pooled	MetaBAT_kallisto.597_sub.fa	denovo4860.0	1	0.908664163	3282194	3282194	3612109	1	0.666666667	478	478	717
gsa_pooled	MaxBin_kallisto.476.fa	263828	0.997388641	0.907710134	2644600	2637694	2905877	0.987704918	0.729198185	488	482	661
gsa_pooled	MetaBAT_kallisto.84.fa	272949	1	0.906709081	3116263	3116263	3436894	1	0.555555556	50	50	90
gsa_pooled	MaxBin_kallisto.120_sub.fa	denovo8701.0	0.903060008	0.905966116	6690995	6042370	6669532	0.717391304	0.717391304	92	66	92
gsa_pooled	MetaBAT_kallisto.496.fa	273954.1	0.997327782	0.90441072	2648736	2641658	2920861	0.993865031	0.615969582	326	324	526
gsa_pooled	MetaBAT_kallisto.794.fa	denovo4376.0	0.992213614	0.903410754	5469803	5427213	6007470	0.911764706	0.639175258	68	62	97
gsa_pooled	340.fa	3211875	0.997680912	0.903281846	5797969	5784523	6403896	0.98467433	0.753665689	522	514	682
gsa_pooled	MaxBin_kallisto.129.fa	denovo4995.0	0.984998864	0.902919722	3306483	3256882	3607056	0.980306346	0.65544989	914	896	1367
gsa_pooled	MetaBAT_kallisto.785_sub.fa	denovo2533.0	0.992982767	0.901132018	3471454	3447094	3825293	0.985765125	0.645687646	843	831	1287
gsa_pooled	MetaBAT_kallisto.68.fa	47365	1	0.897597286	2113023	2113023	2354088	1	0.333333333	1	1	3
gsa_pooled	MetaBAT_kallisto.507.fa	denovo6551.1	1	0.896763374	2761364	2761364	3079256	1	0.454545455	95	95	209
gsa_pooled	MetaBAT_kallisto.231.fa	322900.1	1	0.894767071	3016071	3016071	3370789	1	0.396551724	23	23	58
gsa_pooled	MetaBAT_kallisto.776.fa	denovo10393.0	0.991868778	0.894657193	3591096	3561896	3981297	0.975757576	0.591911765	165	161	272
gsa_pooled	MaxBin_kallisto.547_sub.fa	denovo1369.0	0.980674023	0.894146723	2199837	2157323	2412717	0.946462715	0.715317919	523	495	692
gsa_pooled	205_sub.fa	262102	0.998000651	0.892911092	3006478	3000467	3360320	0.994910941	0.665531915	786	782	1175
gsa_pooled	MaxBin_kallisto.029.fa	162639	0.861035823	0.89222077	2428813	2091295	2343921	0.849557522	0.623376623	113	96	154
gsa_pooled	MaxBin_kallisto.335.fa	619817	0.99682532	0.891049442	4251452	4237955	4756139	0.993256262	0.689632107	1038	1031	1495
gsa_pooled	MaxBin_kallisto.620.fa	denovo7302.0	1	0.887726326	2367227	2367227	2666618	1	0.705882353	276	276	391
gsa_pooled	MaxBin_kallisto.077_sub.fa	denovo1685.1	0.998640259	0.88649977	1780486	1778065	2005714	0.995975855	0.677154583	497	495	731
gsa_pooled	MetaBAT_kallisto.228_sub.fa	denovo5877.0	1	0.886473799	3922159	3922159	4424450	1	0.634807418	445	445	701
gsa_pooled	MaxBin_kallisto.384.fa	denovo5982.0	0.874757304	0.886353384	3596066	3145685	3549019	0.85885486	0.689102564	751	645	936
gsa_pooled	MaxBin_kallisto.053.fa	175485	0.913925045	0.885528412	3477109	3177817	3588611	0.707037643	0.76056338	611	432	568
gsa_pooled	MaxBin_kallisto.158.fa	denovo9503.0	0.976422919	0.885027906	3026244	2954894	3338758	0.931750742	0.668796592	674	628	939
gsa_pooled	271_sub.fa	denovo3630.0	1	0.883834036	2232875	2232875	2526351	1	0.623355263	758	758	1216
gsa_pooled	MaxBin_kallisto.289_sub.fa	denovo516.0	0.833528411	0.882604474	2545137	2121444	2403618	0.726190476	0.785407725	252	183	233
gsa_pooled	MaxBin_kallisto.376.fa	denovo6968.0	0.986308198	0.882348496	3941994	3888021	4406446	0.946107784	0.743529412	668	632	850
gsa_pooled	139_sub.fa	denovo5065.0	0.999263232	0.880855279	1418357	1417312	1609018	0.997787611	0.617808219	452	451	730
gsa_pooled	315_sub.fa	270984	1	0.880223375	1799732	1799732	2044631	1	0.600952381	631	631	1050
gsa_pooled	MaxBin_kallisto.285.fa	denovo10472.0	0.994088306	0.880060143	4639110	4611685	5240193	0.97993311	0.712895377	897	879	1233
gsa_pooled	MetaBAT_kallisto.303.fa	181961	1	0.877380792	2534253	2534253	2888430	1	0.833333333	20	20	24
gsa_pooled	MetaBAT_kallisto.340_sub.fa	1678333	1	0.877155214	2779604	2779604	3168885	1	0.687150838	123	123	179
gsa_pooled	MetaBAT_kallisto.11.fa	14094	1	0.876888782	3838165	3838165	4377026	1	0.441102757	176	176	399
gsa_pooled	MetaBAT_kallisto.625.fa	denovo6432.0	1	0.873819662	2686133	2686133	3074013	1	0.7625	61	61	80
gsa_pooled	239_sub.fa	denovo12746.0	0.97212866	0.873674632	4991615	4852492	5554118	0.970382337	0.596688742	1857	1802	3020
gsa_pooled	MaxBin_kallisto.544_sub.fa	185483	0.997629644	0.873284701	2886908	2880065	3297968	0.989711934	0.697101449	486	481	690
gsa_pooled	319_sub.fa	661259.1	0.974138947	0.872514672	1747918	1702715	1951503	0.965671642	0.597966728	670	647	1082
gsa_pooled	MetaBAT_kallisto.852.fa	184925	1	0.871274382	3436023	3436023	3943675	1	0.428571429	45	45	105
gsa_pooled	MetaBAT_kallisto.896_sub.fa	denovo2819.1	0.999250538	0.869439237	3030174	3027903	3482593	0.993377483	0.569259962	302	300	527
gsa_pooled	MaxBin_kallisto.155_sub.fa	258485.1	0.983584823	0.866927813	1987490	1954865	2254934	0.957446809	0.652173913	376	360	552
gsa_pooled	MaxBin_kallisto.086.fa	denovo9316.0	0.983698197	0.86640453	5006072	4924464	5683793	0.955652174	0.656119403	1150	1099	1675
gsa_pooled	MaxBin_kallisto.118_sub.fa	denovo5713.0	0.924873688	0.864191595	4844561	4480607	5184738	0.558823529	0.591439689	272	152	257
gsa_pooled	MaxBin_kallisto.173.fa	denovo9496.0	0.97276855	0.862533428	2785823	2709961	3141862	0.888	0.691588785	250	222	321
gsa_pooled	MaxBin_kallisto.288_sub.fa	187400.1	0.98717366	0.862365702	2259413	2230433	2586412	0.976923077	0.697802198	520	508	728
gsa_pooled	MetaBAT_kallisto.529.fa	183606	1	0.860617663	3962282	3962282	4603998	1	0.481481481	52	52	108
gsa_pooled	MaxBin_kallisto.334.fa	191616	0.992579093	0.860075144	2776480	2755876	3204227	0.981507824	0.6621881	703	690	1042
gsa_pooled	MaxBin_kallisto.379.fa	320224	0.998969712	0.858774525	2381858	2379404	2770697	0.996521739	0.66627907	575	573	860
gsa_pooled	MaxBin_kallisto.717.fa	191811	0.921388729	0.85819976	4858082	4476182	5215781	0.858208955	0.676470588	134	115	170
gsa_pooled	MetaBAT_kallisto.662.fa	denovo9105.0	1	0.85775461	4299923	4299923	5012999	1	0.24137931	7	7	29
gsa_pooled	11_sub.fa	328617	0.898555272	0.856942438	3292177	2958203	3452044	0.935416667	0.620165746	960	898	1448
gsa_pooled	MaxBin_kallisto.383.fa	denovo11146.0	0.913631069	0.855655857	4161948	3802485	4443942	0.878026906	0.614949749	1115	979	1592
gsa_pooled	MaxBin_kallisto.502.fa	182061	0.993095607	0.853628829	3039514	3018528	3536113	0.978858351	0.716718266	473	463	646
gsa_pooled	MaxBin_kallisto.514.fa	548775	0.998231343	0.851803949	3131190	3125652	3669450	0.995106036	0.676274945	613	610	902
gsa_pooled	MaxBin_kallisto.492_sub.fa	denovo6995.1	0.812248231	0.850293682	3439419	2793662	3285526	0.748933144	0.588596982	1406	1053	1789
gsa_pooled	MaxBin_kallisto.236_sub.fa	318503	0.994162666	0.847098439	3653380	3632054	4287641	0.992613112	0.613934894	1083	1075	1751
gsa_pooled	MaxBin_kallisto.511.fa	265912	0.990650229	0.84555769	5532114	5480390	6481391	0.995839112	0.63935886	1442	1436	2246
gsa_pooled	MaxBin_kallisto.263_sub.fa	289315	0.977876673	0.84458959	4776316	4670648	5530080	0.45	0.6	80	36	60
gsa_pooled	21_sub.fa	392918	0.999629093	0.843936478	4106149	4104626	4863667	0.99137931	0.638888889	116	115	180
gsa_pooled	143_sub.fa	denovo1032.1	0.912087844	0.843180562	2906879	2651329	3144438	0.926229508	0.572957746	1098	1017	1775
gsa_pooled	MetaBAT_kallisto.677_sub.fa	denovo3780.0	0.996703826	0.837877064	2729832	2720834	3247295	0.99137931	0.323033708	116	115	356
gsa_pooled	MetaBAT_kallisto.376.fa	999989	1	0.837236213	2245141	2245141	2681610	1	0.306282723	117	117	382
gsa_pooled	MetaBAT_kallisto.719_sub.fa	denovo1211.0	0.840583266	0.836851658	2816486	2367491	2829045	0.772727273	0.326923077	22	17	52
gsa_pooled	MaxBin_kallisto.034.fa	192316	0.897458027	0.836758896	2186412	1962213	2345016	0.901098901	0.532467532	91	82	154
gsa_pooled	MaxBin_kallisto.577_sub.fa	denovo265.0	0.964857905	0.83609031	2975406	2870844	3433653	0.899803536	0.664731495	509	458	689
gsa_pooled	MaxBin_kallisto.485.fa	271185	0.999500561	0.836017237	2202473	2201373	2633167	0.998898678	0.554740061	908	907	1635
gsa_pooled	MetaBAT_kallisto.8.fa	denovo5579.0	1	0.835834141	2095651	2095651	2507257	1	0.583941606	80	80	137
gsa_pooled	MaxBin_kallisto.431_sub.fa	313431	0.998437535	0.835716414	2963907	2959276	3541005	0.997020854	0.582028986	1007	1004	1725
gsa_pooled	MaxBin_kallisto.718.fa	189585	0.917136721	0.835286095	4754410	4360444	5220300	0.883495146	0.694656489	206	182	262
gsa_pooled	MaxBin_kallisto.160_sub.fa	175712	0.54573009	0.834806627	3572757	1949761	2335584	0.471813725	0.591397849	816	385	651
gsa_pooled	MaxBin_kallisto.296_sub.fa	denovo12977.0	0.997406362	0.832195008	2501506	2495018	2998117	0.994579946	0.599183673	738	734	1225
gsa_pooled	192.fa	263992	1	0.832112851	4929910	4929910	5924569	1	0.61	61	61	100
gsa_pooled	MaxBin_kallisto.415.fa	denovo5741.0	1	0.82843375	3045035	3045035	3675653	1	0.615744349	790	790	1283
gsa_pooled	MetaBAT_kallisto.37.fa	denovo5712.0	0.987478139	0.824609275	3654968	3609201	4376862	0.966101695	0.614555256	236	228	371
gsa_pooled	MaxBin_kallisto.128.fa	denovo9737.0	0.990123777	0.823180755	3359280	3326103	4040550	0.986315789	0.586357947	950	937	1598
gsa_pooled	MetaBAT_kallisto.321.fa	262917	1	0.821606225	3701456	3701456	4505146	1	0.627358491	133	133	212
gsa_pooled	MaxBin_kallisto.330_sub.fa	264359	0.8701973	0.821492073	3245102	2823879	3437500	0.824535316	0.547113962	1345	1109	2027
gsa_pooled	MaxBin_kallisto.345.fa	denovo4573.0	0.997030691	0.819756281	2682442	2674477	3262527	0.99497992	0.543609435	996	991	1823
gsa_pooled	MaxBin_kallisto.179_sub.fa	324894	0.792198723	0.815339694	3034529	2403950	2948403	0.790940767	0.557397176	1148	908	1629
gsa_pooled	MaxBin_kallisto.380_sub.fa	denovo8798.0	0.92408515	0.807801876	5233100	4835830	5986406	0.987862441	0.57631786	1483	1465	2542
gsa_pooled	MaxBin_kallisto.617.fa	782953	0.994674838	0.80718234	4035746	4014255	4973170	0.989717224	0.530668504	1556	1540	2902
gsa_pooled	MetaBAT_kallisto.401.fa	169845	1	0.807033056	4076144	4076144	5050777	1	0.4	20	20	50
gsa_pooled	MaxBin_kallisto.132.fa	1135084	0.930867558	0.80702056	4684964	4361081	5403928	0.811428571	0.629246677	525	426	677
gsa_pooled	MetaBAT_kallisto.543.fa	187223	1	0.796470351	3445788	3445788	4326323	1	0.496124031	64	64	129
gsa_pooled	MaxBin_kallisto.063_sub.fa	denovo4376.1	0.815271961	0.795505271	3868606	3153966	3964733	0.538983051	0.6625	295	159	240
gsa_pooled	MaxBin_kallisto.145.fa	denovo8991.0	0.930714478	0.791706573	3821823	3557026	4492859	0.834218916	0.606646059	941	785	1294
gsa_pooled	MaxBin_kallisto.466.fa	197696	0.984179328	0.788002528	2477834	2438633	3094702	0.96978852	0.67721519	331	321	474
gsa_pooled	MaxBin_kallisto.140_sub.fa	4447072	0.983571925	0.787556085	4430099	4357321	5532712	0.956876457	0.584757835	858	821	1404
gsa_pooled	MaxBin_kallisto.328.fa	170328.1	0.999527672	0.784738027	2841243	2839901	3618916	0.99911032	0.517750115	1124	1123	2169
gsa_pooled	MetaBAT_kallisto.366.fa	denovo2181.0	0.998649085	0.784467933	2308066	2304948	2938231	0.996969697	0.546511628	330	329	602
gsa_pooled	MaxBin_kallisto.313_sub.fa	denovo8441.0	0.754510288	0.783387689	2881135	2173846	2774930	0.639652677	0.510687464	1382	884	1731
gsa_pooled	MetaBAT_kallisto.534.fa	321902	1	0.776105688	2736596	2736596	3526061	1	0.548514851	277	277	505
gsa_pooled	MetaBAT_kallisto.21.fa	denovo883.0	1	0.774648562	2119636	2119636	2736255	1	0.666666667	2	2	3
gsa_pooled	MaxBin_kallisto.713_sub.fa	denovo663.0	0.88831906	0.765172148	1701875	1511808	1975775	0.825710754	0.463245492	809	668	1442
gsa_pooled	MetaBAT_kallisto.414.fa	denovo527.0	0.74121783	0.762180315	4665874	3458429	4537547	0.721938776	0.524074074	392	283	540
gsa_pooled	MaxBin_kallisto.239_sub.fa	denovo6433.0	0.944482658	0.758070477	5329668	5033779	6640252	0.928008999	0.518378888	1778	1650	3183
gsa_pooled	MaxBin_kallisto.430.fa	denovo5086.0	0.809988495	0.744461662	2562308	2075440	2787840	0.699145299	0.496660595	1170	818	1647
gsa_pooled	MetaBAT_kallisto.249.fa	164664	0.997880668	0.744284555	1570306	1566978	2105348	0.98989899	0.452655889	198	196	433
gsa_pooled	226_sub.fa	229455.1	0.904259937	0.74077678	2405294	2175011	2936122	0.88822012	0.435681147	1163	1033	2371
gsa_pooled	MaxBin_kallisto.135_sub.fa	denovo5886.1	0.880158471	0.739770679	1866081	1642447	2220211	0.802197802	0.477124183	637	511	1071
gsa_pooled	MetaBAT_kallisto.572.fa	4424327	1	0.735693432	3237082	3237082	4400042	1	0.478787879	79	79	165
gsa_pooled	MaxBin_kallisto.003.fa	4306262	0.84020065	0.73426948	2473358	2078117	2830183	0.56	0.291666667	25	14	48
gsa_pooled	MetaBAT_kallisto.611.fa	167509.1	1	0.73032258	2246324	2246324	3075797	1	0.411764706	21	21	51
gsa_pooled	MetaBAT_kallisto.520.fa	327900	1	0.727543164	2352748	2352748	3233826	1	0.355072464	49	49	138
gsa_pooled	MaxBin_kallisto.564.fa	denovo12694.0	0.998079208	0.727311759	2316753	2312303	3179246	0.996282528	0.449853126	1076	1072	2383
gsa_pooled	MaxBin_kallisto.270.fa	521982	0.995353536	0.726739349	2550972	2539119	3493851	0.992776058	0.495876289	969	962	1940
gsa_pooled	MaxBin_kallisto.045.fa	denovo12065.1	0.996221129	0.721381091	4846686	4828371	6693232	0.994665572	0.433166548	2437	2424	5596
gsa_pooled	MaxBin_kallisto.464.fa	denovo6222.0	0.948810972	0.712893997	3112542	2953214	4142571	0.882352941	0.526315789	34	30	57
gsa_pooled	263_sub.fa	denovo4399.0	0.995748312	0.708430791	3727931	3712081	5239864	0.99255751	0.4584375	1478	1467	3200
gsa_pooled	225_sub.fa	233991	0.951880567	0.70429106	1887782	1796943	2551421	0.958422175	0.397435897	938	899	2262
gsa_pooled	202_sub.fa	245324	0.986131242	0.701727992	1928363	1901619	2709909	0.979487179	0.382	975	955	2500
gsa_pooled	MaxBin_kallisto.338_sub.fa	denovo12645.0	0.570720954	0.696914349	4194556	2393921	3435029	0.476673428	0.458089669	1972	940	2052
gsa_pooled	MaxBin_kallisto.117_sub.fa	649107	0.970599539	0.694159867	2055478	1995046	2874044	0.977596741	0.422907489	982	960	2270
gsa_pooled	MetaBAT_kallisto.334_sub.fa	denovo2874.0	0.953732471	0.693478858	2072166	1976292	2849823	0.926873857	0.451067616	547	507	1124
gsa_pooled	79_sub.fa	4304475	0.954723291	0.678490454	3719970	3551542	5234476	0.920792079	0.509589041	404	372	730
gsa_pooled	MaxBin_kallisto.340.fa	837859	0.922741252	0.674978566	1885547	1739872	2577670	0.916824197	0.49188641	529	485	986
gsa_pooled	MaxBin_kallisto.149_sub.fa	denovo3940.0	0.548628193	0.658832925	3275096	1796810	2727262	0.492537313	0.40511509	1608	792	1955
gsa_pooled	219_sub.fa	268084.1	0.894323425	0.652369181	4581072	4096960	6280125	0.768115942	0.495872317	1173	901	1817
gsa_pooled	MaxBin_kallisto.144.fa	191251	0.993958436	0.652018516	3574902	3553304	5449698	0.991040662	0.419976636	1451	1438	3424
gsa_pooled	MaxBin_kallisto.137.fa	denovo7795.0	0.997434319	0.636129843	1636992	1632792	2566759	0.995419847	0.393719807	655	652	1656
gsa_pooled	220_sub.fa	denovo8828.0	0.752963647	0.621695742	2200498	1656895	2665122	0.84607938	0.348762969	1033	874	2506
gsa_pooled	MaxBin_kallisto.709.fa	262258.1	0.928576295	0.619146051	2671186	2480400	4006163	0.873222749	0.366302187	844	737	2012
gsa_pooled	MaxBin_kallisto.712.fa	denovo4382.0	0.996364771	0.613774279	1246689	1242157	2023801	0.99850075	0.32361516	667	666	2058
gsa_pooled	MaxBin_kallisto.267_sub.fa	denovo3271.0	0.794726503	0.584097663	2518708	2001684	3426968	0.719530103	0.332316039	1362	980	2949
gsa_pooled	MaxBin_kallisto.092_sub.fa	192684	0.485162281	0.556388779	5635098	2733937	4913717	0.431596091	0.329192547	2456	1060	3220
gsa_pooled	MetaBAT_kallisto.392_sub.fa	denovo11165.0	0.801090238	0.551607943	1858310	1488674	2698790	0.821276596	0.323644494	705	579	1789
gsa_pooled	MaxBin_kallisto.067.fa	denovo3637.0	0.96960996	0.533741185	1552943	1505749	2821122	0.960620525	0.281862745	838	805	2856
gsa_pooled	MaxBin_kallisto.059_sub.fa	denovo11208.0	0.957739955	0.404328762	1150756	1102125	2725814	0.967741935	0.376175549	248	240	638
gsa_pooled	344_sub.fa	175529.1	0.985269241	0.322321088	2065474	2035048	6313729	0.982638889	0.202287348	288	283	1399
gsa_pooled	30_sub.fa	denovo12477.0	0.376905815	0.301947383	3748528	1412842	4679100	0.399888143	0.175762045	1788	715	4068
gsa_pooled	120_sub.fa	2875735	0.417007391	0.25563073	2992158	1247752	4881072	0.15768057	0.22962963	983	155	675
gsa_pooled	MaxBin_kallisto.090_sub.fa	332732.1	0.263593157	0.049560459	982590	259004	5226021	0.241157556	0.036964022	311	75	2029
gsa_pooled	MaxBin_kallisto.125_sub.fa	162668	0.906959668	0.026853741	55836	50641	1885808	0.692307692	0.042857143	13	9	210